TimeStamp,time,totalPM,PM10,PM2.5,PM1,particles_A,P,particles
12/05/2010,17:00:45,26.9,10.7,3.86,.81, , , 
12/05/2010,17:01:00,79.7,11.4,3.35,.94, , , 
12/05/2010,17:01:15,25.5,10.6,3.35,.96, , , 
12/05/2010,17:01:30,104.6,15.8,3.61,.96, , , 
12/05/2010,17:01:45,72.2,23.2,3.39,.89, , , 
12/05/2010,17:02:00,141.8,17.1,3.66,.83, , , 
12/05/2010,17:02:15,36.2,18.7,3.27,.82, , , 
12/05/2010,17:02:30,39,8.9,2.44,.74, , , 
12/05/2010,17:02:45,7.5,6.4,2.41,.71, , , 
12/05/2010,17:03:00,47.7,10.3,2.88,.7, , , 
12/05/2010,17:03:15,59.2,7.2,2.36,.7, , , 
12/05/2010,17:03:30,43.9,11.8,2.4,.79, , , 
12/05/2010,17:03:45,82.9,15.3,2.58,.78, , , 
12/05/2010,17:04:00,70.6,12.5,2.88,.78, , , 
12/05/2010,17:04:15,75.4,8.6,2.5,.74, , , 
12/05/2010,17:04:30,65,10.1,2.6,.59, , , 
12/05/2010,17:04:45,12,9.7,2.79,.68, , , 
12/05/2010,17:05:00,38,8.8,1.97,.48, , , 
12/05/2010,17:05:15,6.9,6.2,2.43,.55, , , 
12/05/2010,17:05:30,41.2,13.6,3.01,.7, , , 
12/05/2010,17:05:45,39.6,10.5,3.31,.74, , , 
12/05/2010,17:06:00,43.4,12.1,2.87,.82, , , 
12/05/2010,17:06:15,38.7,13.7,2.95,.71, , , 
12/05/2010,17:06:30,51.2,9.8,2.32,.72, , , 
12/05/2010,17:06:45,27.7,10.7,3.23,.73, , , 
12/05/2010,17:07:00,37.8,9.2,3.07,.78, , , 
12/05/2010,17:07:15,53.1,9.2,2.98,.63, , , 
12/05/2010,17:07:30,42.3,10.8,2.34,.58, , , 
12/05/2010,17:07:45,33.5,6.7,2.5,.7, , , 
12/05/2010,17:08:00,24.3,9.1,2.65,.66, , , 
12/05/2010,17:08:15,63,11.9,2.55,.74, , , 
12/05/2010,17:08:30,25.1,9.5,2.6,.67, , , 
12/05/2010,17:08:45,52,11.3,2.36,.69, , , 
12/05/2010,17:09:00,24.1,8.8,2.49,.7, , , 
12/05/2010,17:09:15,46.7,13.3,3.17,.75, , , 
12/05/2010,17:09:30,41.2,14.4,2.68,.7, , , 
12/05/2010,17:09:45,48.2,22.6,3.03,.75, , , 
12/05/2010,17:10:00,13.8,10.5,2.8,.7, , , 
12/05/2010,17:10:15,36.1,8.6,2.99,.67, , , 
12/05/2010,17:10:30,40.3,9.1,2.65,.68, , , 
12/05/2010,17:10:45,58.4,11.6,2.73,.65, , , 
12/05/2010,17:11:00,36.6,8.7,2.56,.64, , , 
12/05/2010,17:11:15,47.9,11.8,2.85,.61, , , 
12/05/2010,17:11:30,39.3,14,2.97,.64, , , 
12/05/2010,17:11:45,57.3,18.1,2.69,.69, , , 
12/05/2010,17:12:00,42.3,12.8,2.78,.64, , , 
12/05/2010,17:12:15,34.9,16.4,2.84,.74, , , 
12/05/2010,17:12:30,32.5,13.8,3.13,.73, , , 
12/05/2010,17:12:45,39.1,13.3,2.96,.65, , , 
12/05/2010,17:13:00,11.1,8.4,2.89,.77, , , 
12/05/2010,17:13:15,30.6,13.3,2.46,.7, , , 
12/05/2010,17:13:30,18.5,5,2.47,.75, , , 
12/05/2010,17:13:45,33.9,11.7,2.84,.76, , , 
12/05/2010,17:14:00,86.1,10.8,2.75,.68, , , 
12/05/2010,17:14:15,85.9,17.6,2.31,.59, , , 
12/05/2010,17:14:30,57.4,13.7,2.33,.62, , , 
12/05/2010,17:14:45,83.1,17.4,3.04,.72, , , 
12/05/2010,17:15:00,37.3,8.9,2.99,.76, , , 
12/05/2010,17:15:15,72.9,13.6,2.89,.72, , , 
12/05/2010,17:15:30,23.5,16.6,2.27,.66, , , 
12/05/2010,17:15:45,19.7,6.1,2.94,.59, , , 
12/05/2010,17:16:00,31.2,10.7,2.73,.66, , , 
12/05/2010,17:16:15,23.2,13.3,2.57,.66, , , 
12/05/2010,17:16:30,55,12,2.44,.7, , , 
12/05/2010,17:16:45,17.3,10.2,2.31,.61, , , 
12/05/2010,17:17:00,49.6,13.2,2.38,.61, , , 
12/05/2010,17:17:15,9.8,7.7,2.91,.56, , , 
12/05/2010,17:17:30,27.8,7.8,2.25,.48, , , 
12/05/2010,17:17:45,60.3,15.1,2.91,.76, , , 
12/05/2010,17:18:00,57.9,12.5,2.28,.65, , , 
12/05/2010,17:18:15,34.3,7.5,2.54,.74, , , 
12/05/2010,17:18:30,47.7,11.7,2.77,.74, , , 
12/05/2010,17:18:45,21.4,13.1,3.03,.83, , , 
12/05/2010,17:19:00,62.3,12.6,2.63,.68, , , 
12/05/2010,17:19:15,63.1,7.4,2.69,.61, , , 
12/05/2010,17:19:30,126.1,21.7,2.81,.65, , , 
12/05/2010,17:19:45,122.3,22,3.16,.71, , , 
12/05/2010,17:20:00,123.2,19.4,2.85,.73, , , 
12/05/2010,17:20:15,659.3,121.7,7.43,1.52, , , 
12/05/2010,17:20:30,625,63,3.59,.93, , , 
12/05/2010,17:20:45,519.9,85.6,4.07,1.03, , , 
12/05/2010,17:21:00,255.5,39.9,4.1,.88, , , 
12/05/2010,17:21:15,151,52.7,5.09,.94, , , 
12/05/2010,17:21:30,139.5,35.4,3.44,.73, , , 
12/05/2010,17:21:45,46.9,14.3,2.86,.59, , , 
12/05/2010,17:22:00,90,23.6,2.45,.59, , , 
12/05/2010,17:22:15,123.5,31.6,2.8,.64, , , 
12/05/2010,17:22:30,143.9,31.4,3.19,.63, , , 
12/05/2010,17:22:45,91.9,22.9,2.37,.49, , , 
12/05/2010,17:23:00,68.6,20,2.59,.61, , , 
12/05/2010,17:23:15,95.9,23.9,2.98,.5, , , 
12/05/2010,17:23:30,90.4,24,2.88,.58, , , 
12/05/2010,17:23:45,135,48,2.64,.53, , , 
12/05/2010,17:24:00,76.2,26,3.05,.5, , , 
12/05/2010,17:24:15,75,28.7,4.27,.95, , , 
12/05/2010,17:24:30,96.2,25.5,7.46,1.84, , , 
12/05/2010,17:24:45,53.2,35.8,8.56,2.19, , , 
12/05/2010,17:25:00,169.9,47.3,8.59,2.18, , , 
12/05/2010,17:25:15,123.2,39,7.27,1.99, , , 
12/05/2010,17:25:30,101.4,31.7,6.93,1.93, , , 
12/05/2010,17:25:45,70.4,33,8.05,2.38, , , 
12/05/2010,17:26:00,299.3,74.7,11.13,2.67, , , 
12/05/2010,17:26:15,153.5,37.9,9.6,2.66, , , 
12/05/2010,17:26:30,51,31.6,8.58,2.47, , , 
12/05/2010,17:26:45,116.2,36.2,7.67,2.07, , , 
12/05/2010,17:27:00,39.2,19.8,4.75,1.37, , , 
12/05/2010,17:27:15,92.2,22.5,6,2.16, , , 
12/05/2010,17:27:30,19.9,10,4.46,1.55, , , 
12/05/2010,17:27:45,20.3,13.6,3.2,.77, , , 
12/05/2010,17:28:00,22.4,9.6,3.47,.88, , , 
12/05/2010,17:28:15,44.4,21.8,4.44,1.01, , , 
12/05/2010,17:28:30,15.1,12.5,4.09,.91, , , 
12/05/2010,17:28:45,23.1,18.9,6.77,2.14, , , 
12/05/2010,17:29:00,11.1,9.5,4.96,1.58, , , 
12/05/2010,17:29:15,22.2,17.4,6.72,1.84, , , 
12/05/2010,17:29:30,19.7,12.6,3.73,.82, , , 
12/05/2010,17:29:45,22.8,8.1,4.18,.94, , , 
12/05/2010,17:30:00,11,10,4.63,1.06, , , 
12/05/2010,17:30:15,19.9,11.8,3.25,.77, , , 
12/05/2010,17:30:30,14.3,6.8,2.63,.61, , , 
12/05/2010,17:30:45,26.9,9.3,3.96,.79, , , 
12/05/2010,17:31:00,11.6,9.7,3.71,.8, , , 
12/05/2010,17:31:15,28.7,11.5,3.71,.86, , , 
12/05/2010,17:31:30,15,13.5,5.88,1.48, , , 
12/05/2010,17:31:45,23.3,14.6,5.05,1.45, , , 
12/05/2010,17:32:00,22.2,7.4,3.33,.84, , , 
12/05/2010,17:32:15,41.2,9.6,3.84,.71, , , 
12/05/2010,17:32:30,42.6,23,5.47,1.37, , , 
12/05/2010,17:32:45,11.7,9.9,4.87,1.18, , , 
12/05/2010,17:33:00,39.8,16.2,5.26,1.24, , , 
12/05/2010,17:33:15,89.6,35.7,5.92,1.28, , , 
12/05/2010,17:33:30,62.4,31.1,5.39,1.26, , , 
12/05/2010,17:33:45,16.6,13.2,4.42,1.01, , , 
12/05/2010,17:34:00,26.4,20.7,4.21,1.02, , , 
12/05/2010,17:34:15,33.8,21.1,5.43,1.34, , , 
12/05/2010,17:34:30,19.4,15.2,3.6,.87, , , 
12/05/2010,17:34:45,38.8,16.4,3.78,.79, , , 
12/05/2010,17:35:00,35.3,26,5.75,1.54, , , 
12/05/2010,17:35:15,29.1,16.3,4.79,1.16, , , 
12/05/2010,17:35:30,4.7,4.5,2.82,.66, , , 
12/05/2010,17:35:45,8.1,6.5,3.08,.66, , , 
12/05/2010,17:36:00,22.3,11.2,2.82,.69, , , 
12/05/2010,17:36:15,12,7,3.41,.59, , , 
12/05/2010,17:36:30,12,9.9,3.1,.65, , , 
12/05/2010,17:36:45,9.2,7.8,2.82,.69, , , 
12/05/2010,17:37:00,43.4,11.9,3.6,.73, , , 
12/05/2010,17:37:15,38.6,9,2.38,.49, , , 
12/05/2010,17:37:30,29.9,11.5,2.96,.59, , , 
12/05/2010,17:37:45,17.9,11.3,3.05,.47, , , 
12/05/2010,17:38:00,4.7,4.5,2.29,.5, , , 
12/05/2010,17:38:15,20.1,5.7,2.5,.5, , , 
12/05/2010,17:38:30,8.6,6.5,2.45,.41, , , 
12/05/2010,17:38:45,9,6.9,2.3,.43, , , 
12/05/2010,17:39:00,9.2,7.3,2.02,.36, , , 
12/05/2010,17:39:15,12.3,9.7,2.85,.54, , , 
12/05/2010,17:39:30,8.4,7.2,2.28,.43, , , 
12/05/2010,17:39:45,46.5,6.2,2.48,.61, , , 
12/05/2010,17:40:00,9.8,8.3,2.88,.51, , , 
12/05/2010,17:40:15,17.1,12.7,3.02,.51, , , 
12/05/2010,17:40:30,5.6,5.1,2.22,.55, , , 
12/05/2010,17:40:45,10,7.3,2.27,.48, , , 
12/05/2010,17:41:00,19.1,9.2,2.58,.42, , , 
12/05/2010,17:41:15,3.7,3.6,2.18,.5, , , 
12/05/2010,17:41:30,4.5,4.3,2.37,.54, , , 
12/05/2010,17:41:45,6,5.2,2.69,.52, , , 
12/05/2010,17:42:00,22,7.6,2.47,.47, , , 
12/05/2010,17:42:15,24.5,11.1,2.56,.5, , , 
12/05/2010,17:42:30,4.1,4,2.83,.61, , , 
12/05/2010,17:42:45,7,5.6,2.24,.55, , , 
12/05/2010,17:43:00,45.3,7.6,2.62,.48, , , 
12/05/2010,17:43:15,19.3,15.6,3.73,1.55, , , 
12/05/2010,17:43:30,12.6,10.5,3.25,.58, , , 
12/05/2010,17:43:45,27.3,10.2,3.38,.66, , , 
12/05/2010,17:44:00,23.9,8.7,3.41,.69, , , 
12/05/2010,17:44:15,8.8,7.6,2.73,.6, , , 
12/05/2010,17:44:30,14.3,11.9,3.71,.85, , , 
12/05/2010,17:44:45,13,9.3,3.79,.8, , , 
12/05/2010,17:45:00,25.3,11.5,6.62,2, , , 
12/05/2010,17:45:15,15.1,11.6,3.86,.83, , , 
12/05/2010,17:45:30,21.7,14.4,3.63,.89, , , 
12/05/2010,17:45:45,14.4,10.9,3.08,.74, , , 
12/05/2010,17:46:00,12.6,10,3.4,.75, , , 
12/05/2010,17:46:15,27.3,8.6,2.93,.74, , , 
12/05/2010,17:46:30,15.8,12,2.71,.66, , , 
12/05/2010,17:46:45,7.7,6.7,3.35,.69, , , 
12/05/2010,17:47:00,8.5,7.6,3.15,.6, , , 
12/05/2010,17:47:15,8.6,7.5,2.75,.61, , , 
12/05/2010,17:47:30,23.3,8.6,3.01,.61, , , 
12/05/2010,17:47:45,10.1,6.9,2.9,.71, , , 
12/05/2010,17:48:00,8.7,7.5,3.27,.7, , , 
12/05/2010,17:48:15,34.7,8,3.81,.91, , , 
12/05/2010,17:48:30,45.2,14.4,3.54,.93, , , 
12/05/2010,17:48:45,36.1,16.1,4.29,1.13, , , 
12/05/2010,17:49:00,30.1,16.7,3.88,.9, , , 
12/05/2010,17:49:15,16.9,6.6,2.99,.61, , , 
12/05/2010,17:49:30,14,9.8,3,.52, , , 
12/05/2010,17:49:45,11,9.1,3.34,.7, , , 
12/05/2010,17:50:00,16.7,11.5,3,.73, , , 
12/05/2010,17:50:15,23,8.3,2.87,.59, , , 
12/05/2010,17:50:30,56.3,9.7,2.68,.58, , , 
12/05/2010,17:50:45,53.2,18.2,3.34,.67, , , 
12/05/2010,17:51:00,8.8,7.3,2.72,.52, , , 
12/05/2010,17:51:15,37.5,10.6,3.29,.71, , , 
12/05/2010,17:51:30,28.9,16.9,4.93,1.04, , , 
12/05/2010,17:51:45,14,11.5,3.47,.84, , , 
12/05/2010,17:52:00,14.9,12,3.99,.76, , , 
12/05/2010,17:52:15,12.9,10.5,3.28,.77, , , 
12/05/2010,17:52:30,66.7,11.4,3.75,.68, , , 
12/05/2010,17:52:45,27.1,20.4,4.18,1.02, , , 
12/05/2010,17:53:00,29.2,21.5,6.89,2, , , 
12/05/2010,17:53:15,21.9,18.7,6.82,1.8, , , 
12/05/2010,17:53:30,18,15.4,5.58,1.43, , , 
12/05/2010,17:53:45,156.4,67.9,17.76,5.02, , , 
12/05/2010,17:54:00,131.3,73,18.84,5.48, , , 
12/05/2010,17:54:15,46,22.8,7.5,2.12, , , 
12/05/2010,17:54:30,47.1,22.2,4.39,1, , , 
12/05/2010,17:54:45,30.6,14.5,5.25,1.32, , , 
12/05/2010,17:55:00,27.8,10.7,3.28,.99, , , 
12/05/2010,17:55:15,21.4,14.7,3.59,.84, , , 
12/05/2010,17:55:30,29.5,13,3.42,.74, , , 
12/05/2010,17:55:45,61.8,33.1,6.42,1.78, , , 
12/05/2010,17:56:00,73.1,32.7,8.32,2.64, , , 
12/05/2010,17:56:15,46.3,22.5,5.32,1.22, , , 
12/05/2010,17:56:30,102.1,38.9,11.3,3.14, , , 
12/05/2010,17:56:45,40.4,14.5,4.05,1.14, , , 
12/05/2010,17:57:00,27.4,17.4,3.13,.79, , , 
12/05/2010,17:57:15,18.5,11.7,3.05,.74, , , 
12/05/2010,17:57:30,13.8,11.4,3.66,.73, , , 
12/05/2010,17:57:45,14,10.2,2.57,.7, , , 
12/05/2010,17:58:00,7.8,6.7,2.38,.51, , , 
12/05/2010,17:58:15,7,6.1,2.27,.58, , , 
12/05/2010,17:58:30,9.1,7.3,2.64,.59, , , 
12/05/2010,17:58:45,30,10.4,2.46,.76, , , 
12/05/2010,17:59:00,7.7,6.7,2.51,.57, , , 
12/05/2010,17:59:15,22.6,7.6,2.42,.6, , , 
12/05/2010,17:59:30,16.1,7,2.26,.42, , , 
12/05/2010,17:59:45,9.4,8.3,2.29,.57, , , 
12/05/2010,18:00:00,11.2,8.3,1.93,.43, , , 
12/05/2010,18:00:15,4.9,4.6,2.48,.47, , , 
12/05/2010,18:00:30,7.6,6.6,2.23,.47, , , 
12/05/2010,18:00:45,14.6,10.1,2.15,.45, , , 
12/05/2010,18:01:00,10.4,8.5,2.12,.43, , , 
12/05/2010,18:01:15,16.5,5.5,2.23,.49, , , 
12/05/2010,18:01:30,19.4,10.1,2.07,.43, , , 
12/05/2010,18:01:45,17.8,9.5,1.94,.47, , , 
12/05/2010,18:02:00,24.7,8.4,2.41,.43, , , 
12/05/2010,18:02:15,6.4,5.3,2.1,.53, , , 
12/05/2010,18:02:30,13.8,10.1,2.17,.46, , , 
12/05/2010,18:02:45,6.6,5.8,2.63,.51, , , 
12/05/2010,18:03:00,5.3,5,2.58,.51, , , 
12/05/2010,18:03:15,19.4,13.5,2.42,.72, , , 
12/05/2010,18:03:30,9.1,7.6,2.5,.48, , , 
12/05/2010,18:03:45,19.6,6,2.65,.59, , , 
12/05/2010,18:04:00,18.8,9.8,2.04,.46, , , 
12/05/2010,18:04:15,37.3,9.3,3.99,.95, , , 
12/05/2010,18:04:30,136.6,29.1,4.84,1.39, , , 
12/05/2010,18:04:45,19.5,14.8,3.75,.91, , , 
12/05/2010,18:05:00,34.4,14.4,2.98,.59, , , 
12/05/2010,18:05:15,26.4,10.5,3.34,.83, , , 
12/05/2010,18:05:30,8,6.8,2.78,.64, , , 
12/05/2010,18:05:45,19.4,8.2,2.59,.61, , , 
12/05/2010,18:06:00,8,6.5,2.68,.47, , , 
12/05/2010,18:06:15,18.5,12.7,1.91,.47, , , 
12/05/2010,18:06:30,19.7,6.3,2.25,.52, , , 
12/05/2010,18:06:45,30.7,9.3,2.44,.56, , , 
12/05/2010,18:07:00,14.4,9.1,1.92,.46, , , 
12/05/2010,18:07:15,20.9,6.8,2.22,.44, , , 
12/05/2010,18:07:30,9.9,7.6,1.88,.43, , , 
12/05/2010,18:07:45,47.9,7.5,3.14,.7, , , 
12/05/2010,18:08:00,13.4,8.2,2.16,.5, , , 
12/05/2010,18:08:15,7.9,6.6,2.11,.47, , , 
12/05/2010,18:08:30,8.9,5.7,2.16,.51, , , 
12/05/2010,18:08:45,3.7,3.6,2.6,.52, , , 
12/05/2010,18:09:00,3.4,3.2,2.09,.37, , , 
12/05/2010,18:09:15,15.7,10.7,2.49,.62, , , 
12/05/2010,18:09:30,47.5,20.3,2.73,.54, , , 
12/05/2010,18:09:45,58,12.5,2.27,.47, , , 
12/05/2010,18:10:00,25,9.5,2.29,.52, , , 
12/05/2010,18:10:15,28.2,13.2,2.46,.51, , , 
12/05/2010,18:10:30,22.4,10.8,2.28,.58, , , 
12/05/2010,18:10:45,6.9,6.1,2.11,.59, , , 
12/05/2010,18:11:00,33.8,13.9,2.23,.53, , , 
12/05/2010,18:11:15,24.6,7.6,2.63,.49, , , 
12/05/2010,18:11:30,9,7.6,2.22,.52, , , 
12/05/2010,18:11:45,3931.6,3918.4,2.57,.46, , , 
12/05/2010,18:12:00,179.5,7.6,2.83,.6, , , 
12/05/2010,18:12:15,22.3,11.2,2.45,.59, , , 
12/05/2010,18:12:30,19.1,10.4,2.61,.55, , , 
12/05/2010,18:12:45,55.6,12.7,2.78,.64, , , 
12/05/2010,18:13:00,90.1,22.3,3.57,.7, , , 
12/05/2010,18:13:15,14.5,11.6,2.71,.56, , , 
12/05/2010,18:13:30,8.6,7.6,2.99,.61, , , 
12/05/2010,18:13:45,17.8,11,2.88,.72, , , 
12/05/2010,18:14:00,20.8,6.9,3.19,.7, , , 
12/05/2010,18:14:15,8.9,7.5,2.82,.74, , , 
12/05/2010,18:14:30,4.3,4.1,2.82,.6, , , 
12/05/2010,18:14:45,40,10.2,2.68,.53, , , 
12/05/2010,18:15:00,24.3,10.3,2.64,.62, , , 
12/05/2010,18:15:15,26.9,10.3,2.83,.59, , , 
12/05/2010,18:15:30,18.8,12.4,2.8,.55, , , 
12/05/2010,18:15:45,9.1,7.1,2.43,.5, , , 
12/05/2010,18:16:00,26.1,6.7,2.83,.72, , , 
12/05/2010,18:16:15,24.5,9.4,2.82,.72, , , 
12/05/2010,18:16:30,9.3,7.5,3,.62, , , 
12/05/2010,18:16:45,28.3,10.3,2.45,.53, , , 
12/05/2010,18:17:00,12.6,9.3,2.44,.57, , , 
12/05/2010,18:17:15,18.3,9.9,2.65,.58, , , 
12/05/2010,18:17:30,20.7,12.5,2.52,.61, , , 
12/05/2010,18:17:45,55.7,9.5,3.15,.52, , , 
12/05/2010,18:18:00,50.4,15.6,2.56,.62, , , 
12/05/2010,18:18:15,25.1,19.8,7.85,2.13, , , 
12/05/2010,18:18:30,57.5,6.6,2.35,.47, , , 
12/05/2010,18:18:45,8.1,6.8,2.4,.55, , , 
12/05/2010,18:19:00,21.2,9.3,2.17,.41, , , 
12/05/2010,18:19:15,21.2,7.1,2.18,.49, , , 
12/05/2010,18:19:30,39.4,15.1,2.47,.52, , , 
12/05/2010,18:19:45,74.7,16.6,1.99,.4, , , 
12/05/2010,18:20:00,42.1,8.1,1.31,.37, , , 
12/05/2010,18:20:15,49.5,11.4,1.95,.36, , , 
12/05/2010,18:20:30,6.1,5.4,1.56,.34, , , 
12/05/2010,18:20:45,63.3,13,1.74,.36, , , 
12/05/2010,18:21:00,22.5,12.5,1.86,.36, , , 
12/05/2010,18:21:15,57,15.1,1.43,.33, , , 
12/05/2010,18:21:30,33,10.6,1.64,.36, , , 
12/05/2010,18:21:45,24.5,9.3,1.59,.3, , , 
12/05/2010,18:22:00,40.1,17.8,2.04,.36, , , 
12/05/2010,18:22:15,71,12.2,1.63,.32, , , 
12/05/2010,18:22:30,24.9,9.6,1.76,.38, , , 
12/05/2010,18:22:45,19.3,10.1,1.65,.39, , , 
12/05/2010,18:23:00,41,9.3,1.79,.31, , , 
12/05/2010,18:23:15,21.6,6.8,1.63,.38, , , 
12/05/2010,18:23:30,16.3,8.2,1.82,.36, , , 
12/05/2010,18:23:45,39.7,7.8,1.55,.3, , , 
12/05/2010,18:24:00,5.8,5.2,1.6,.25, , , 
12/05/2010,18:24:15,10.4,7,1.46,.32, , , 
12/05/2010,18:24:30,10.2,6.9,1.18,.29, , , 
12/05/2010,18:24:45,23.6,7.6,1.46,.28, , , 
12/05/2010,18:25:00,29,4.9,1.47,.31, , , 
12/05/2010,18:25:15,14.3,9.8,1.24,.29, , , 
12/05/2010,18:25:30,19.2,4.9,1.35,.26, , , 
12/05/2010,18:25:45,17.3,4.3,1.2,.19, , , 
12/05/2010,18:26:00,5.8,4.5,1.06,.26, , , 
12/05/2010,18:26:15,10.2,3.9,1.36,.33, , , 
12/05/2010,18:26:30,9.4,6.8,1.35,.32, , , 
12/05/2010,18:26:45,7.6,4.6,1.17,.26, , , 
12/05/2010,18:27:00,7.8,6,1.5,.29, , , 
12/05/2010,18:27:15,17.1,3.9,1.59,.32, , , 
12/05/2010,18:27:30,32.5,12.6,1.38,.4, , , 
12/05/2010,18:27:45,4.1,3.5,1.3,.28, , , 
12/05/2010,18:28:00,4.9,4.2,1.44,.34, , , 
12/05/2010,18:28:15,17.4,3.9,1.22,.26, , , 
12/05/2010,18:28:30,43.4,9.4,1.28,.26, , , 
12/05/2010,18:28:45,24,14.7,1.58,.29, , , 
12/05/2010,18:29:00,157.4,19.7,2.16,.33, , , 
12/05/2010,18:29:15,73,14,1.66,.29, , , 
12/05/2010,18:29:30,61.5,12.5,1.96,.35, , , 
12/05/2010,18:29:45,37,10,1.8,.37, , , 
12/05/2010,18:30:00,61.8,11.9,1.45,.33, , , 
12/05/2010,18:30:15,21.7,7.2,1.51,.28, , , 
12/05/2010,18:30:30,41.6,11.8,1.54,.32, , , 
12/05/2010,18:30:45,18.9,12,1.46,.3, , , 
12/05/2010,18:31:00,84.7,18,1.36,.39, , , 
12/05/2010,18:31:15,22.2,11.2,1.75,.36, , , 
12/05/2010,18:31:30,49.1,9.4,1.4,.25, , , 
12/05/2010,18:31:45,51.2,11.1,1.7,.31, , , 
12/05/2010,18:32:00,59.7,12.9,1.57,.33, , , 
12/05/2010,18:32:15,53.7,13.4,1.81,.3, , , 
12/05/2010,18:32:30,83.5,20.3,1.8,.31, , , 
12/05/2010,18:32:45,109,13.7,1.57,.33, , , 
12/05/2010,18:33:00,76.6,14.2,1.87,.38, , , 
12/05/2010,18:33:15,106,11.6,1.6,.4, , , 
12/05/2010,18:33:30,114.8,9.5,1.53,.29, , , 
12/05/2010,18:33:45,54.3,9.9,1.65,.37, , , 
12/05/2010,18:34:00,71.4,13.6,1.64,.35, , , 
12/05/2010,18:34:15,83.7,15.4,1.87,.34, , , 
12/05/2010,18:34:30,25.2,8.1,1.96,.36, , , 
12/05/2010,18:34:45,34.7,13.8,1.5,.32, , , 
12/05/2010,18:35:00,64.7,6.9,1.28,.28, , , 
12/05/2010,18:35:15,57.4,15.9,1.5,.29, , , 
12/05/2010,18:35:30,33.6,11.5,1.53,.32, , , 
12/05/2010,18:35:45,73.6,13.4,1.41,.26, , , 
12/05/2010,18:36:00,79.6,12.4,1.48,.31, , , 
12/05/2010,18:36:15,66.2,16.1,1.89,.38, , , 
12/05/2010,18:36:30,106.6,16.3,1.88,.4, , , 
12/05/2010,18:36:45,52.1,8.8,1.39,.25, , , 
12/05/2010,18:37:00,53.2,13.1,1.58,.29, , , 
12/05/2010,18:37:15,28.6,10.4,1.69,.33, , , 
12/05/2010,18:37:30,58.9,13.2,1.58,.35, , , 
12/05/2010,18:37:45,53.5,10.2,1.45,.33, , , 
12/05/2010,18:38:00,55.8,8,1.6,.29, , , 
12/05/2010,18:38:15,102.9,20.3,1.51,.37, , , 
12/05/2010,18:38:30,71.2,18.7,1.95,.27, , , 
12/05/2010,18:38:45,59.4,10.6,1.53,.28, , , 
12/05/2010,18:39:00,84,12.8,1.31,.35, , , 
12/05/2010,18:39:15,69.6,18.1,1.54,.29, , , 
12/05/2010,18:39:30,93.3,9,1.77,.43, , , 
12/05/2010,18:39:45,101,11.3,1.74,.27, , , 
12/05/2010,18:40:00,23.8,6.8,1.88,.26, , , 
12/05/2010,18:40:15,28.5,9.1,1.41,.37, , , 
12/05/2010,18:40:30,81.2,10.1,1.82,.31, , , 
12/05/2010,18:40:45,54,11.1,1.51,.31, , , 
12/05/2010,18:41:00,52.2,11.6,1.93,.3, , , 
12/05/2010,18:41:15,96.2,9.4,1.68,.35, , , 
12/05/2010,18:41:30,17.9,12.4,1.49,.27, , , 
12/05/2010,18:41:45,62.3,12.8,1.34,.28, , , 
12/05/2010,18:42:00,107,14.4,1.79,.27, , , 
12/05/2010,18:42:15,83.6,12.8,1.52,.32, , , 
12/05/2010,18:42:30,42.5,12.6,1.59,.26, , , 
12/05/2010,18:42:45,18,10.4,1.62,.32, , , 
12/05/2010,18:43:00,32.9,5.8,1.7,.29, , , 
12/05/2010,18:43:15,18.5,4.6,1.6,.28, , , 
12/05/2010,18:43:30,65.3,13.4,1.59,.33, , , 
12/05/2010,18:43:45,44.4,20.8,1.71,.34, , , 
12/05/2010,18:44:00,31.8,11,1.47,.29, , , 
12/05/2010,18:44:15,19.9,5.3,1.47,.31, , , 
12/05/2010,18:44:30,22.4,8.3,1.52,.31, , , 
12/05/2010,18:44:45,23,14.6,1.71,.29, , , 
12/05/2010,18:45:00,54.3,10.1,1.68,.29, , , 
12/05/2010,18:45:15,44.1,10.9,1.65,.3, , , 
12/05/2010,18:45:30,9.3,6.1,1.5,.25, , , 
12/05/2010,18:45:45,25.7,10.3,1.71,.29, , , 
12/05/2010,18:46:00,45.2,5,1.7,.33, , , 
12/05/2010,18:46:15,58.8,9.3,1.39,.25, , , 
12/05/2010,18:46:30,44.8,14,1.49,.3, , , 
12/05/2010,18:46:45,27,7.1,1.12,.3, , , 
12/05/2010,18:47:00,39.4,11.3,1.45,.32, , , 
12/05/2010,18:47:15,62.6,8,1.78,.31, , , 
12/05/2010,18:47:30,68.3,10.4,1.82,.29, , , 
12/05/2010,18:47:45,58.1,13.7,1.19,.26, , , 
12/05/2010,18:48:00,84.7,12.8,1.43,.26, , , 
12/05/2010,18:48:15,28.7,10.3,2.02,.27, , , 
12/05/2010,18:48:30,26.3,7.1,1.35,.29, , , 
12/05/2010,18:48:45,8.2,6.5,1.32,.31, , , 
12/05/2010,18:49:00,68.8,6.3,1.27,.27, , , 
12/05/2010,18:49:15,33.2,10.5,1.57,.27, , , 
12/05/2010,18:49:30,16.6,11.8,1.46,.29, , , 
12/05/2010,18:49:45,37.6,7.5,1.55,.29, , , 
12/05/2010,18:50:00,17.2,3.7,1.44,.31, , , 
12/05/2010,18:50:15,21.8,6.8,1.45,.38, , , 
12/05/2010,18:50:30,13.3,9,1.42,.31, , , 
12/05/2010,18:50:45,21.2,7.5,1.19,.29, , , 
12/05/2010,18:51:00,31.8,4.8,1.43,.32, , , 
12/05/2010,18:51:15,21.9,6.6,1.48,.25, , , 
12/05/2010,18:51:30,8.7,7,1.36,.28, , , 
12/05/2010,18:51:45,45.3,13.2,1.72,.31, , , 
12/05/2010,18:52:00,15.7,11.2,1.49,.3, , , 
12/05/2010,18:52:15,45.5,8.7,1.26,.28, , , 
12/05/2010,18:52:30,4.8,4.2,1.29,.31, , , 
12/05/2010,18:52:45,26.3,8.2,1.39,.26, , , 
12/05/2010,18:53:00,34.9,6.7,1.47,.31, , , 
12/05/2010,18:53:15,34.9,6.7,1.63,.28, , , 
12/05/2010,18:53:30,16.3,8.7,1.48,.31, , , 
12/05/2010,18:53:45,26.9,8.6,1.19,.32, , , 
12/05/2010,18:54:00,23.7,8.5,1.52,.3, , , 
12/05/2010,18:54:15,14,8.5,1.29,.29, , , 
12/05/2010,18:54:30,22.2,10.7,1.6,.26, , , 
12/05/2010,18:54:45,7,5.3,1.49,.37, , , 
12/05/2010,18:55:00,18.2,4.3,1.47,.29, , , 
12/05/2010,18:55:15,30.1,10,1.34,.28, , , 
12/05/2010,18:55:30,19.5,5.2,1.27,.29, , , 
12/05/2010,18:55:45,4,3.5,1.25,.32, , , 
12/05/2010,18:56:00,19.8,9.2,1.48,.31, , , 
12/05/2010,18:56:15,7.2,5.8,1.27,.24, , , 
12/05/2010,18:56:30,22.7,10.2,1.47,.26, , , 
12/05/2010,18:56:45,17.1,3.7,1.11,.25, , , 
12/05/2010,18:57:00,18.5,4.8,1.36,.24, , , 
12/05/2010,18:57:15,8.2,6.5,1.25,.28, , , 
12/05/2010,18:57:30,35.1,7.1,1.41,.29, , , 
12/05/2010,18:57:45,27.6,4.7,1.65,.35, , , 
12/05/2010,18:58:00,35.3,10.4,1.03,.24, , , 
12/05/2010,18:58:15,20.2,10,1.42,.28, , , 
12/05/2010,18:58:30,23.7,3.5,1.22,.29, , , 
12/05/2010,18:58:45,18.8,9.4,1.33,.25, , , 
12/05/2010,18:59:00,29.7,3.1,1.44,.28, , , 
12/05/2010,18:59:15,21.8,6.3,1.43,.28, , , 
12/05/2010,18:59:30,22.4,8.5,1.21,.19, , , 
12/05/2010,18:59:45,23,5.1,1.36,.37, , , 
12/05/2010,19:00:00,15.2,6.5,1.36,.36, , , 
12/05/2010,19:00:15,25.1,7.4,1.28,.22, , , 
12/05/2010,19:00:30,41.2,13.7,1.05,.22, , , 
12/05/2010,19:00:45,47.7,10.8,1.7,.33, , , 
12/05/2010,19:01:00,35.5,11.7,1.42,.24, , , 
12/05/2010,19:01:15,29.3,16.2,1.76,.25, , , 
12/05/2010,19:01:30,32.1,4.9,1.46,.31, , , 
12/05/2010,19:01:45,44.6,9,1.57,.3, , , 
12/05/2010,19:02:00,43.2,11.4,1.51,.26, , , 
12/05/2010,19:02:15,280.9,41.5,1.64,.34, , , 
12/05/2010,19:02:30,299.6,43.2,1.6,.28, , , 
12/05/2010,19:02:45,261.4,48,1.81,.36, , , 
12/05/2010,19:03:00,229.5,34.2,1.64,.34, , , 
12/05/2010,19:03:15,292.5,28.8,2.41,.39, , , 
12/05/2010,19:03:30,221,38.4,2,.37, , , 
12/05/2010,19:03:45,320.2,39.7,2.21,.41, , , 
12/05/2010,19:04:00,295.2,50.6,1.97,.33, , , 
12/05/2010,19:04:15,285.7,40.8,1.78,.43, , , 
12/05/2010,19:04:30,158.2,27.5,1.7,.23, , , 
12/05/2010,19:04:45,100.1,23.2,2.16,.31, , , 
12/05/2010,19:05:00,139.8,25.1,2.25,.37, , , 
12/05/2010,19:05:15,200.6,34.9,2,.36, , , 
12/05/2010,19:05:30,163.7,27.6,1.87,.35, , , 
12/05/2010,19:05:45,68.2,26.7,2.14,.34, , , 
12/05/2010,19:06:00,76.5,25.9,1.79,.28, , , 
12/05/2010,19:06:15,134.4,30.7,2,.42, , , 
12/05/2010,19:06:30,132,23.6,1.97,.39, , , 
12/05/2010,19:06:45,122.6,23.5,1.93,.32, , , 
12/05/2010,19:07:00,130.4,28.5,1.66,.33, , , 
12/05/2010,19:07:15,141.6,19.2,1.53,.27, , , 
12/05/2010,19:07:30,182.5,24,1.75,.31, , , 
12/05/2010,19:07:45,96.9,28.3,2.06,.31, , , 
12/05/2010,19:08:00,132.1,12,1.56,.34, , , 
12/05/2010,19:08:15,119.7,34.1,1.95,.34, , , 
12/05/2010,19:08:30,139.2,34.2,2.19,.41, , , 
12/05/2010,19:08:45,95.5,19.4,1.43,.34, , , 
12/05/2010,19:09:00,126.2,24.2,1.5,.34, , , 
12/05/2010,19:09:15,123.7,25.6,1.95,.29, , , 
12/05/2010,19:09:30,190.5,27.3,1.89,.35, , , 
12/05/2010,19:09:45,136.4,19.6,1.78,.39, , , 
12/05/2010,19:10:00,160.4,24,1.9,.33, , , 
12/05/2010,19:10:15,115.9,23.9,2.26,.35, , , 
12/05/2010,19:10:30,130.3,25.4,1.8,.36, , , 
12/05/2010,19:10:45,146.4,24.5,1.51,.28, , , 
12/05/2010,19:11:00,89.8,24.9,2.08,.36, , , 
12/05/2010,19:11:15,138.3,36.2,2.23,.35, , , 
12/05/2010,19:11:30,138.7,27.8,2.02,.33, , , 
12/05/2010,19:11:45,186.2,27.9,2.08,.36, , , 
12/05/2010,19:12:00,123.3,24.2,1.64,.36, , , 
12/05/2010,19:12:15,113,28.6,2.1,.42, , , 
12/05/2010,19:12:30,127,16.8,2.12,.43, , , 
12/05/2010,19:12:45,66.2,24.9,1.89,.36, , , 
12/05/2010,19:13:00,104.6,15.5,1.64,.25, , , 
12/05/2010,19:13:15,147.5,29.6,2.19,.4, , , 
12/05/2010,19:13:30,165,44.6,2.52,.34, , , 
12/05/2010,19:13:45,214.6,44.3,3.11,.42, , , 
12/05/2010,19:14:00,158.1,41.1,2.95,.53, , , 
12/05/2010,19:14:15,160.5,28.6,2.37,.44, , , 
12/05/2010,19:14:30,131.4,35.2,2.4,.39, , , 
12/05/2010,19:14:45,149.4,37.5,3.21,.47, , , 
12/05/2010,19:15:00,312.1,47.2,2.61,.46, , , 
12/05/2010,19:15:15,149.1,40.1,3.28,.44, , , 
12/05/2010,19:15:30,308.5,47.1,3.49,.59, , , 
12/05/2010,19:15:45,193.8,43.8,2.82,.5, , , 
12/05/2010,19:16:00,208.2,49.4,3.51,.48, , , 
12/05/2010,19:16:15,308.6,52.5,3.43,.51, , , 
12/05/2010,19:16:30,141.2,36.7,3.22,.41, , , 
12/05/2010,19:16:45,149.8,49.4,3.11,.55, , , 
12/05/2010,19:17:00,179.9,31.3,3.22,.67, , , 
12/05/2010,19:17:15,116.2,30.4,2.8,.54, , , 
12/05/2010,19:17:30,153.3,42.1,3,.45, , , 
12/05/2010,19:17:45,165,39.2,3.15,.56, , , 
12/05/2010,19:18:00,160.5,37.4,3.65,.64, , , 
12/05/2010,19:18:15,161.1,45,3.9,.58, , , 
12/05/2010,19:18:30,133.5,31.7,3.35,.6, , , 
12/05/2010,19:18:45,89.4,32.3,3.27,.45, , , 
12/05/2010,19:19:00,171.3,50.8,3.13,.54, , , 
12/05/2010,19:19:15,245.8,57.1,3.36,.49, , , 
12/05/2010,19:19:30,186.3,47.9,3.34,.5, , , 
12/05/2010,19:19:45,168.5,48,3.65,.58, , , 
12/05/2010,19:20:00,248.2,52.4,3.55,.57, , , 
12/05/2010,19:20:15,178.8,44.4,3.23,.37, , , 
12/05/2010,19:20:30,111,33,3.01,.57, , , 
12/05/2010,19:20:45,100.9,29,3.33,.5, , , 
12/05/2010,19:21:00,164.9,41,3.18,.71, , , 
12/05/2010,19:21:15,222.8,61.1,4.23,.72, , , 
12/05/2010,19:21:30,133.4,41.3,4.19,.84, , , 
12/05/2010,19:21:45,204.9,50.4,3.92,.63, , , 
12/05/2010,19:22:00,198.8,40.2,3.86,.65, , , 
12/05/2010,19:22:15,241.1,57.1,3.93,.7, , , 
12/05/2010,19:22:30,266.2,51,3.84,.59, , , 
12/05/2010,19:22:45,180.6,44.5,4.17,.64, , , 
12/05/2010,19:23:00,175.8,40.3,4.45,.75, , , 
12/05/2010,19:23:15,139.9,42,3.87,.63, , , 
12/05/2010,19:23:30,247.5,41.7,4.66,.81, , , 
12/05/2010,19:23:45,150.1,49.5,4.36,.66, , , 
12/05/2010,19:24:00,159.5,37.9,4.86,.84, , , 
12/05/2010,19:24:15,184.5,44,4.5,.74, , , 
12/05/2010,19:24:30,182.9,46.1,4.21,.77, , , 
12/05/2010,19:24:45,238.1,37.3,4.06,.67, , , 
12/05/2010,19:25:00,118.1,36.1,4.18,.76, , , 
12/05/2010,19:25:15,226.7,49.9,4.3,.8, , , 
12/05/2010,19:25:30,184.1,37.5,4.77,.83, , , 
12/05/2010,19:25:45,210.8,42.9,4.8,.74, , , 
12/05/2010,19:26:00,112.1,43.5,4.6,.82, , , 
12/05/2010,19:26:15,136.1,44.7,5.99,1.17, , , 
12/05/2010,19:26:30,197.6,56.1,7.7,1.37, , , 
12/05/2010,19:26:45,256.6,103.9,15.49,2.42, , , 
12/05/2010,19:27:00,284.4,138.2,23.34,3.54, , , 
12/05/2010,19:27:15,249.1,134.9,20.98,3.36, , , 
12/05/2010,19:27:30,353.9,189.7,33.91,5.04, , , 
12/05/2010,19:27:45,474.6,263.3,43.13,6.39, , , 
12/05/2010,19:28:00,565.6,311.3,48.8,6.77, , , 
12/05/2010,19:28:15,499.8,286.8,45.89,6.77, , , 
12/05/2010,19:28:30,487.4,297.5,47.64,6.73, , , 
12/05/2010,19:28:45,487.4,316.6,53.07,7.53, , , 
12/05/2010,19:29:00,516.3,332.1,57.04,8.02, , , 
12/05/2010,19:29:15,467.4,302.8,49.99,6.56, , , 
12/05/2010,19:29:30,347.7,207,38.71,5.27, , , 
12/05/2010,19:29:45,414.1,267.5,45.61,6.49, , , 
12/05/2010,19:30:00,463.1,274.9,48.62,6.79, , , 
12/05/2010,19:30:15,486.4,300.5,51.77,7.65, , , 
12/05/2010,19:30:30,497.7,296.6,52.99,7.29, , , 
12/05/2010,19:30:45,450.8,276.4,47.72,6.4, , , 
12/05/2010,19:31:00,442.2,260.9,45.45,6.32, , , 
12/05/2010,19:31:15,455.2,280.9,48.71,6.83, , , 
12/05/2010,19:31:30,438.5,239.5,44.55,6.41, , , 
12/05/2010,19:31:45,454.1,258,44.32,6.07, , , 
12/05/2010,19:32:00,340.8,238.5,42.98,6.04, , , 
12/05/2010,19:32:15,450.6,261.7,45.18,6.24, , , 
12/05/2010,19:32:30,413,240.8,39.87,5.68, , , 
12/05/2010,19:32:45,379.3,244.6,40.43,5.94, , , 
12/05/2010,19:33:00,397.4,221,42.05,5.7, , , 
12/05/2010,19:33:15,385.4,234.4,38.18,5.56, , , 
12/05/2010,19:33:30,360.1,226,39.48,5.29, , , 
12/05/2010,19:33:45,331.8,207.1,37.94,5.4, , , 
12/05/2010,19:34:00,393.8,234.4,37.98,5.85, , , 
12/05/2010,19:34:15,379.9,245.2,37.86,5.48, , , 
12/05/2010,19:34:30,360.1,219.9,38.4,5.72, , , 
12/05/2010,19:34:45,369.3,240.1,39.15,5.23, , , 
12/05/2010,19:35:00,328.6,225.8,39.43,5.57, , , 
12/05/2010,19:35:15,383.1,233.7,35.82,5.41, , , 
12/05/2010,19:35:30,326.4,209.5,34.63,5.01, , , 
12/05/2010,19:35:45,353.4,225.1,36.63,5.24, , , 
12/05/2010,19:36:00,380.9,216.1,35.47,5.26, , , 
12/05/2010,19:36:15,311.1,213.7,34.67,5.23, , , 
12/05/2010,19:36:30,310,211.4,34.83,5.1, , , 
12/05/2010,19:36:45,365.6,209.7,34.22,4.69, , , 
12/05/2010,19:37:00,311.9,205.2,32.95,4.61, , , 
12/05/2010,19:37:15,333.6,205.9,31.35,4.48, , , 
12/05/2010,19:37:30,286.7,185,29.92,4.57, , , 
12/05/2010,19:37:45,274,180.5,30.71,4.57, , , 
12/05/2010,19:38:00,265.4,188.4,31.06,4.25, , , 
12/05/2010,19:38:15,276.1,176.7,30.48,4.43, , , 
12/05/2010,19:38:30,251.2,162.1,28.86,4.23, , , 
12/05/2010,19:38:45,305.1,188.2,29.36,4.27, , , 
12/05/2010,19:39:00,247.7,163.2,29.36,4.07, , , 
12/05/2010,19:39:15,222.9,165.8,28.86,3.94, , , 
12/05/2010,19:39:30,258.6,159.7,28.02,3.95, , , 
12/05/2010,19:39:45,259.7,166.3,25.28,3.61, , , 
12/05/2010,19:40:00,255.5,162.7,25.54,3.6, , , 
12/05/2010,19:40:15,218.1,156.7,25.47,3.52, , , 
12/05/2010,19:40:30,269.6,154.9,25.5,3.64, , , 
12/05/2010,19:40:45,203.2,134.5,25.6,3.74, , , 
12/05/2010,19:41:00,206.4,141.7,26.63,3.75, , , 
12/05/2010,19:41:15,276.6,159,24.85,3.68, , , 
12/05/2010,19:41:30,233.6,161.3,23.96,3.49, , , 
12/05/2010,19:41:45,241.3,147.7,24.21,3.54, , , 
12/05/2010,19:42:00,242,149.5,24.18,3.49, , , 
12/05/2010,19:42:15,201.6,118.9,24.18,3.43, , , 
12/05/2010,19:42:30,196.1,128.4,23.79,3.56, , , 
12/05/2010,19:42:45,167.2,124.6,22.24,3.46, , , 
12/05/2010,19:43:00,196.6,123.5,24.15,3.4, , , 
12/05/2010,19:43:15,238.4,129,24.04,3.54, , , 
12/05/2010,19:43:30,214.6,136.2,26.25,3.57, , , 
12/05/2010,19:43:45,207,132.8,24.16,3.69, , , 
12/05/2010,19:44:00,188.1,126.6,24.59,3.62, , , 
12/05/2010,19:44:15,186.1,124.7,23.2,3.03, , , 
12/05/2010,19:44:30,209.2,137.4,23.62,3.53, , , 
12/05/2010,19:44:45,200.6,122.2,23.27,3.41, , , 
12/05/2010,19:45:00,223.8,122.1,23.04,3.3, , , 
12/05/2010,19:45:15,220.2,134.4,23.8,3, , , 
12/05/2010,19:45:30,175.3,116.9,23.95,3.06, , , 
12/05/2010,19:45:45,207.4,125.1,22.07,3.32, , , 
12/05/2010,19:46:00,200.3,125.9,23.62,3.34, , , 
12/05/2010,19:46:15,265,132.8,21.6,3.26, , , 
12/05/2010,19:46:30,210.5,115.7,22.64,3.14, , , 
12/05/2010,19:46:45,148.7,108.4,22.54,3.01, , , 
12/05/2010,19:47:00,228.6,103.3,22.73,3.07, , , 
12/05/2010,19:47:15,159.3,120.5,18.97,2.97, , , 
12/05/2010,19:47:30,190.8,124.5,19.89,2.9, , , 
12/05/2010,19:47:45,146.5,103.3,19.66,3.12, , , 
12/05/2010,19:48:00,159.5,100.2,18.1,2.59, , , 
12/05/2010,19:48:15,199.4,107.2,19.1,2.63, , , 
12/05/2010,19:48:30,183.8,111.3,18.62,2.45, , , 
12/05/2010,19:48:45,175.8,121.9,18.2,2.44, , , 
12/05/2010,19:49:00,145.6,89.2,18.19,2.56, , , 
12/05/2010,19:49:15,147.9,94.2,17.45,2.48, , , 
12/05/2010,19:49:30,134.9,81.7,16.85,2.48, , , 
12/05/2010,19:49:45,171.6,90.1,17.27,2.43, , , 
12/05/2010,19:50:00,156.7,84.8,16.88,2.38, , , 
12/05/2010,19:50:15,122.2,84,15.43,2.26, , , 
12/05/2010,19:50:30,139.2,77.7,16.32,2.17, , , 
12/05/2010,19:50:45,140.8,87.8,15.65,2.46, , , 
12/05/2010,19:51:00,153.5,95.4,17.42,2.55, , , 
12/05/2010,19:51:15,132.3,75.2,14.7,2.3, , , 
12/05/2010,19:51:30,108.4,77.1,16.5,2.3, , , 
12/05/2010,19:51:45,145.2,80.4,14.39,2.25, , , 
12/05/2010,19:52:00,106.2,74.6,14.53,2.19, , , 
12/05/2010,19:52:15,134.2,83.2,15.81,2.56, , , 
12/05/2010,19:52:30,147,71.2,14.58,2.29, , , 
12/05/2010,19:52:45,120.6,58.2,14.69,2.24, , , 
12/05/2010,19:53:00,93.5,58.4,14.1,2.16, , , 
12/05/2010,19:53:15,96.9,65.6,13.86,2.15, , , 
12/05/2010,19:53:30,119.6,72.7,13.19,2.1, , , 
12/05/2010,19:53:45,104.6,63.5,14.25,1.94, , , 
12/05/2010,19:54:00,113.2,75.5,14.77,2.15, , , 
12/05/2010,19:54:15,69,46.6,13.81,2.15, , , 
12/05/2010,19:54:30,78.2,61.7,13.21,1.95, , , 
12/05/2010,19:54:45,119.4,66.7,12.88,1.94, , , 
12/05/2010,19:55:00,65.2,50.9,12.44,2.19, , , 
12/05/2010,19:55:15,112.9,68.8,13.86,1.95, , , 
12/05/2010,19:55:30,92,69.5,13.91,1.9, , , 
12/05/2010,19:55:45,73.6,49.7,12.47,1.98, , , 
