TimeStamp,time,TotalPM,PM10,PM2.5,PM1,particles_A,P,particles
12/05/2010,08:36:44,221.7,36.8,3.53,.71, , , 
12/05/2010,08:36:59,159,25.8,3.97,.73, , , 
12/05/2010,08:37:14,159.1,34.5,3.86,.64, , , 
12/05/2010,08:37:29,90.1,30.9,3.38,.64, , , 
12/05/2010,08:37:44,149.8,37.1,4.37,.76, , , 
12/05/2010,08:37:59,216.4,41.8,4.57,.67, , , 
12/05/2010,08:38:14,179.1,43.3,3.8,.81, , , 
12/05/2010,08:38:29,270.3,61.3,4.74,.84, , , 
12/05/2010,08:38:44,472,64.8,5.29,1.23, , , 
12/05/2010,08:38:59,188.3,51.8,5.73,1.05, , , 
12/05/2010,08:39:14,242.9,70.9,27.13,6.95, , , 
12/05/2010,08:39:29,389.8,182.4,39.93,7.08, , , 
12/05/2010,08:39:44,75.3,55.8,21.28,1.83, , , 
12/05/2010,08:39:59,29.8,26.8,12.48,1.8, , , 
12/05/2010,08:40:14,22.1,21.4,12.79,1.58, , , 
12/05/2010,08:40:29,20.5,7.1,3.2,.57, , , 
12/05/2010,08:40:44,27.3,12.1,2.81,.66, , , 
12/05/2010,08:40:59,13,5.9,2.7,.52, , , 
12/05/2010,08:41:14,14.9,10.9,2.37,.51, , , 
12/05/2010,08:41:29,18.7,8.2,2.5,.55, , , 
12/05/2010,08:41:44,21.4,6.4,2.09,.46, , , 
12/05/2010,08:41:59,27.5,8.1,2.11,.5, , , 
12/05/2010,08:42:14,26.4,7.8,2.67,.59, , , 
12/05/2010,08:42:29,22.5,8,2.28,.62, , , 
12/05/2010,08:42:44,25,8.6,2.45,.57, , , 
12/05/2010,08:42:59,17.9,13.3,2.82,.62, , , 
12/05/2010,08:43:14,22.6,8,2.7,.5, , , 
12/05/2010,08:43:29,9,8,2.31,.52, , , 
12/05/2010,08:43:44,54.1,14.6,2.48,.51, , , 
12/05/2010,08:43:59,48,11.1,3.11,.66, , , 
12/05/2010,08:44:14,13.1,10,3.04,.83, , , 
12/05/2010,08:44:29,7.9,7,3.15,.79, , , 
12/05/2010,08:44:44,13.3,10.7,3.95,.9, , , 
12/05/2010,08:44:59,37.3,19.1,3.26,.8, , , 
12/05/2010,08:45:14,22.2,7.9,2.81,.79, , , 
12/05/2010,08:45:29,31.2,13.8,3.92,.89, , , 
12/05/2010,08:45:44,16.3,13,3.32,.69, , , 
12/05/2010,08:45:59,10.7,8.9,3,.6, , , 
12/05/2010,08:46:14,9.6,8.1,2.69,.73, , , 
12/05/2010,08:46:29,11.9,9.8,3.02,.72, , , 
12/05/2010,08:46:44,18.8,14.2,3.18,.74, , , 
12/05/2010,08:46:59,10,7.8,2.75,.61, , , 
12/05/2010,08:47:14,16.3,4.4,2.74,.61, , , 
12/05/2010,08:47:29,7.3,6.6,2.86,.64, , , 
12/05/2010,08:47:44,19.6,6,3.06,.65, , , 
12/05/2010,08:47:59,7.9,7.2,3.1,.69, , , 
12/05/2010,08:48:14,16,12.2,3.05,.71, , , 
12/05/2010,08:48:29,35.3,13.2,3.94,.91, , , 
12/05/2010,08:48:44,20.7,13.1,2.91,.82, , , 
12/05/2010,08:48:59,9.7,8.2,2.85,.69, , , 
12/05/2010,08:49:14,18.7,14.1,3.28,.58, , , 
12/05/2010,08:49:29,27.6,8.6,2.84,.53, , , 
12/05/2010,08:49:44,44.2,11.6,2.47,.6, , , 
12/05/2010,08:49:59,19,8.3,2.92,.58, , , 
12/05/2010,08:50:14,6.4,5.9,2.81,.57, , , 
12/05/2010,08:50:29,14.8,10.2,2.73,.59, , , 
12/05/2010,08:50:44,12.8,7.1,2.4,.58, , , 
12/05/2010,08:50:59,16.5,11.9,2.85,.68, , , 
12/05/2010,08:51:14,10.5,8.1,2.5,.65, , , 
12/05/2010,08:51:29,29.3,11.8,2.51,.63, , , 
12/05/2010,08:51:44,11.7,8.1,2.61,.63, , , 
12/05/2010,08:51:59,10.2,8.4,2.43,.61, , , 
12/05/2010,08:52:14,15.4,9.4,2.67,.69, , , 
12/05/2010,08:52:29,8.4,7,3.11,.77, , , 
12/05/2010,08:52:44,58.9,38,14.44,5.74, , , 
12/05/2010,08:52:59,35.4,17.2,4.18,.94, , , 
12/05/2010,08:53:14,13.3,10.7,3.91,.94, , , 
12/05/2010,08:53:29,14.6,9.6,2.93,.62, , , 
12/05/2010,08:53:44,8.1,7.3,3.23,.86, , , 
12/05/2010,08:53:59,6.4,5.9,3.08,.64, , , 
12/05/2010,08:54:14,6,5.3,2.34,.67, , , 
12/05/2010,08:54:29,13,9.3,2.83,.75, , , 
12/05/2010,08:54:44,7.8,6.8,2.75,.7, , , 
12/05/2010,08:54:59,11.1,9,3.05,.68, , , 
12/05/2010,08:55:14,27.1,12.4,3.45,.77, , , 
12/05/2010,08:55:29,85.7,18.1,4.19,.81, , , 
12/05/2010,08:55:44,13,11,4.52,1.03, , , 
12/05/2010,08:55:59,5.8,5.5,3,.64, , , 
12/05/2010,08:56:14,22.1,7.1,2.92,.79, , , 
12/05/2010,08:56:29,27.5,10.8,2.56,.53, , , 
12/05/2010,08:56:44,10.3,6.9,2.47,.48, , , 
12/05/2010,08:56:59,14.2,9.7,2.62,.6, , , 
12/05/2010,08:57:14,7.3,6.1,2.98,.68, , , 
12/05/2010,08:57:29,12.2,9.1,3.13,.6, , , 
12/05/2010,08:57:44,22,11.2,2.69,.58, , , 
12/05/2010,08:57:59,20.8,16.6,2.77,.56, , , 
12/05/2010,08:58:14,63.6,20,3.64,.82, , , 
12/05/2010,08:58:29,263.6,113.7,6.61,.98, , , 
12/05/2010,08:58:44,15.2,12.5,3.23,.61, , , 
12/05/2010,08:58:59,49.7,23.5,3.97,1.06, , , 
12/05/2010,08:59:14,62.3,19.7,4.02,.89, , , 
12/05/2010,08:59:29,75.6,16.6,3.41,.74, , , 
12/05/2010,08:59:44,15.7,12.4,2.72,.71, , , 
12/05/2010,08:59:59,117.1,25.8,3.24,.7, , , 
12/05/2010,09:00:14,65,25.7,3.06,.67, , , 
12/05/2010,09:00:29,34.9,20,3.69,1.06, , , 
12/05/2010,09:00:44,6.5,6.1,2.85,.69, , , 
12/05/2010,09:00:59,11.8,8.8,3.03,.66, , , 
12/05/2010,09:01:14,39.4,11.2,3.26,.69, , , 
12/05/2010,09:01:29,25.9,9.6,3.17,.79, , , 
12/05/2010,09:01:44,7.9,7.2,3.64,.81, , , 
12/05/2010,09:01:59,13.7,11.7,4.1,1.04, , , 
12/05/2010,09:02:14,35.6,15.5,3.79,.86, , , 
12/05/2010,09:02:29,16.4,11.8,2.72,.65, , , 
12/05/2010,09:02:44,38.5,12.6,3.59,.8, , , 
12/05/2010,09:02:59,22.7,8.3,3.03,.61, , , 
12/05/2010,09:03:14,21,17.2,5.47,1.88, , , 
12/05/2010,09:03:29,16.3,12.2,3,.73, , , 
12/05/2010,09:03:44,47.1,16.5,3.82,.87, , , 
12/05/2010,09:03:59,40.5,11.1,3.36,.8, , , 
12/05/2010,09:04:14,31.8,13.9,3.53,.93, , , 
12/05/2010,09:04:29,8.3,6.9,3.07,.69, , , 
12/05/2010,09:04:44,9.3,6.9,2.94,.63, , , 
12/05/2010,09:04:59,23,10.8,2.51,.59, , , 
12/05/2010,09:05:14,23.9,9.4,3.53,.8, , , 
12/05/2010,09:05:29,24.2,19.8,7.18,1.94, , , 
12/05/2010,09:05:44,50.8,12.6,5.1,1.22, , , 
12/05/2010,09:05:59,26.1,20,4.86,1.35, , , 
12/05/2010,09:06:14,25.7,7.7,3.18,.81, , , 
12/05/2010,09:06:29,20.1,13.9,4.2,1.04, , , 
12/05/2010,09:06:44,11.7,10.2,4.33,1.12, , , 
12/05/2010,09:06:59,18.3,12.6,3.87,.89, , , 
12/05/2010,09:07:14,28.3,18.1,3.6,.89, , , 
12/05/2010,09:07:29,13.7,9.4,2.82,.69, , , 
12/05/2010,09:07:44,14.9,12,2.95,.65, , , 
12/05/2010,09:07:59,41.3,18.6,4.8,1.3, , , 
12/05/2010,09:08:14,28.6,13.3,4.59,1.09, , , 
12/05/2010,09:08:29,9,6.7,2.86,.56, , , 
12/05/2010,09:08:44,20.1,12.4,2.72,.47, , , 
12/05/2010,09:08:59,7.7,6.4,2.12,.5, , , 
12/05/2010,09:09:14,18.9,8.9,2.48,.48, , , 
12/05/2010,09:09:29,9.9,8.5,2.52,.57, , , 
12/05/2010,09:09:44,11.7,9.9,2.3,.4, , , 
12/05/2010,09:09:59,7.8,6.6,2.4,.46, , , 
12/05/2010,09:10:14,17.1,11.6,2.54,.42, , , 
12/05/2010,09:10:29,17,12.7,2.3,.5, , , 
12/05/2010,09:10:44,50.4,26.7,2.61,.53, , , 
12/05/2010,09:10:59,16.7,12.4,2.27,.42, , , 
12/05/2010,09:11:14,13.1,8.9,2.35,.38, , , 
12/05/2010,09:11:29,18.3,12.7,2.11,.38, , , 
12/05/2010,09:11:44,19.3,12.2,2.03,.37, , , 
12/05/2010,09:11:59,21.6,7.3,2.11,.57, , , 
12/05/2010,09:12:14,8.5,7.2,2.51,.52, , , 
12/05/2010,09:12:29,14.2,10.3,2.76,.58, , , 
12/05/2010,09:12:44,21.9,7.6,2.79,.54, , , 
12/05/2010,09:12:59,9.7,7.7,2.63,.41, , , 
12/05/2010,09:13:14,5.5,5,2.33,.59, , , 
12/05/2010,09:13:29,5.7,5,2.35,.46, , , 
12/05/2010,09:13:44,23.6,6.9,2.6,.53, , , 
12/05/2010,09:13:59,15.9,9,2.49,.51, , , 
12/05/2010,09:14:14,29.2,11.1,2.37,.48, , , 
12/05/2010,09:14:29,29.7,13.6,3.24,.74, , , 
12/05/2010,09:14:44,14.3,10.4,3.04,.86, , , 
12/05/2010,09:14:59,23.5,13.2,2.58,.5, , , 
12/05/2010,09:15:14,6,5.6,2.49,.45, , , 
12/05/2010,09:15:29,13.6,9.9,2.71,.52, , , 
12/05/2010,09:15:44,103.2,21.6,3.47,.71, , , 
12/05/2010,09:15:59,64,15.5,2.9,.6, , , 
12/05/2010,09:16:14,13.6,9.6,2.19,.47, , , 
12/05/2010,09:16:29,14.2,8.9,2.25,.5, , , 
12/05/2010,09:16:44,18.5,10.6,2.07,.45, , , 
12/05/2010,09:16:59,5.4,5,1.95,.46, , , 
12/05/2010,09:17:14,16.5,12.3,2.73,.44, , , 
12/05/2010,09:17:29,44.5,25,3.18,.57, , , 
12/05/2010,09:17:44,28,12.2,2.75,.5, , , 
12/05/2010,09:17:59,20,11.5,2.48,.47, , , 
12/05/2010,09:18:14,22.9,10.9,2.55,.56, , , 
12/05/2010,09:18:29,8.4,7.4,2.92,.64, , , 
12/05/2010,09:18:44,16.9,10.3,2.44,.67, , , 
12/05/2010,09:18:59,18,12.7,4.44,.87, , , 
12/05/2010,09:19:14,35.6,9.1,2.9,.54, , , 
12/05/2010,09:19:29,42.7,11.9,2.44,.6, , , 
12/05/2010,09:19:44,31.8,11.2,2.59,.47, , , 
12/05/2010,09:19:59,43.8,11.4,2.76,.53, , , 
12/05/2010,09:20:14,63.8,15.5,2.51,.49, , , 
12/05/2010,09:20:29,13.5,10.1,2.83,.69, , , 
12/05/2010,09:20:44,88.6,25.4,4.72,1.05, , , 
12/05/2010,09:20:59,25,5.1,2.03,.46, , , 
12/05/2010,09:21:14,15,10.4,2.3,.41, , , 
12/05/2010,09:21:29,31.6,13.8,2.96,.53, , , 
12/05/2010,09:21:44,58.9,14.1,2.9,.56, , , 
12/05/2010,09:21:59,24.9,15.9,3.04,.71, , , 
12/05/2010,09:22:14,79.2,36.1,4.85,1.32, , , 
12/05/2010,09:22:29,71.8,27.9,3.87,1.06, , , 
12/05/2010,09:22:44,46,21,3.76,1.03, , , 
12/05/2010,09:22:59,51.6,23.4,4.72,1.15, , , 
12/05/2010,09:23:14,33.8,15.2,3.9,1.07, , , 
12/05/2010,09:23:29,45.2,20.5,4.34,1.06, , , 
12/05/2010,09:23:44,57.4,22.2,4.6,1.06, , , 
12/05/2010,09:23:59,39.2,19.3,3.71,.92, , , 
12/05/2010,09:24:14,57.8,19.1,4.09,.87, , , 
12/05/2010,09:24:29,134.5,25.3,4.38,1.01, , , 
12/05/2010,09:24:44,27,11.3,3.78,.87, , , 
12/05/2010,09:24:59,82.1,25.5,7.55,1.69, , , 
12/05/2010,09:25:14,37.8,22.8,4.11,.85, , , 
12/05/2010,09:25:29,60.6,14.1,2.89,.57, , , 
12/05/2010,09:25:44,9.9,8.8,3.21,.7, , , 
12/05/2010,09:25:59,52.8,10.3,2.89,.64, , , 
12/05/2010,09:26:14,53.7,16.2,3.26,.66, , , 
12/05/2010,09:26:29,28,21.4,7.21,1.66, , , 
12/05/2010,09:26:44,23,17.5,5.04,1.16, , , 
12/05/2010,09:26:59,35.6,25.6,10.29,2.85, , , 
12/05/2010,09:27:14,14.1,12.4,4.62,1.22, , , 
12/05/2010,09:27:29,79.5,26.6,5.52,1.49, , , 
12/05/2010,09:27:44,37.8,25.3,8.4,2.59, , , 
12/05/2010,09:27:59,22.5,16.6,6.65,1.97, , , 
12/05/2010,09:28:14,12.1,9.9,2.74,.73, , , 
12/05/2010,09:28:29,30.1,12.7,2.93,.66, , , 
12/05/2010,09:28:44,54.9,26.1,4.12,.76, , , 
12/05/2010,09:28:59,56.2,21.8,4.47,1.07, , , 
12/05/2010,09:29:14,55.4,18,3.75,.95, , , 
12/05/2010,09:29:29,120.9,18.7,3.86,.9, , , 
12/05/2010,09:29:44,223.5,38.1,4.36,1.03, , , 
12/05/2010,09:29:59,135.8,21.1,3.67,.78, , , 
12/05/2010,09:30:14,26.1,9.8,2.31,.73, , , 
12/05/2010,09:30:29,81.6,17.1,3.12,.75, , , 
12/05/2010,09:30:44,36.4,16.6,3.01,.7, , , 
12/05/2010,09:30:59,36.5,16.2,2.99,.71, , , 
12/05/2010,09:31:14,92.5,14.1,2.91,.63, , , 
12/05/2010,09:31:29,47.5,15.4,2.78,.71, , , 
12/05/2010,09:31:44,50.6,16.7,3.54,.74, , , 
12/05/2010,09:31:59,65.2,10.6,3.12,.71, , , 
12/05/2010,09:32:14,21.3,13,3.23,.74, , , 
12/05/2010,09:32:29,37.2,15,2.96,.68, , , 
12/05/2010,09:32:44,9,8.2,2.75,.62, , , 
12/05/2010,09:32:59,27.8,11.7,3.01,.7, , , 
12/05/2010,09:33:14,21.8,14.3,2.71,.69, , , 
12/05/2010,09:33:29,26.8,16,2.67,.77, , , 
12/05/2010,09:33:44,70,11.9,2.92,.64, , , 
12/05/2010,09:33:59,22.7,15.5,2.95,.66, , , 
12/05/2010,09:34:14,58.6,12.9,2.95,.6, , , 
12/05/2010,09:34:29,77.9,21.2,2.9,.85, , , 
12/05/2010,09:34:44,53.9,18,3.28,.77, , , 
12/05/2010,09:34:59,44,16.5,3.19,.75, , , 
12/05/2010,09:35:14,34.5,9.7,2.81,.65, , , 
12/05/2010,09:35:29,25.3,18.9,2.87,.65, , , 
12/05/2010,09:35:44,20.8,8.6,3.21,.68, , , 
12/05/2010,09:35:59,29.5,12.8,2.65,.6, , , 
12/05/2010,09:36:14,45,14.3,2.79,.58, , , 
12/05/2010,09:36:29,38.7,15.2,3.04,.72, , , 
12/05/2010,09:36:44,40.4,18.7,3.02,.62, , , 
12/05/2010,09:36:59,48.9,11.1,2.7,.62, , , 
12/05/2010,09:37:14,21.7,13.7,2.98,.73, , , 
12/05/2010,09:37:29,46.5,14,2.87,.74, , , 
12/05/2010,09:37:44,18.1,14.6,3.21,.66, , , 
12/05/2010,09:37:59,26.6,10.2,3.15,.65, , , 
12/05/2010,09:38:14,28.6,8.5,2.77,.65, , , 
12/05/2010,09:38:29,7.9,7.4,2.45,.59, , , 
12/05/2010,09:38:44,33.5,6.3,2.82,.69, , , 
12/05/2010,09:38:59,48.6,13,2.38,.52, , , 
12/05/2010,09:39:14,27.4,19,2.83,.74, , , 
12/05/2010,09:39:29,23.4,12.9,2.78,.71, , , 
12/05/2010,09:39:44,34.9,16.5,3.31,.77, , , 
12/05/2010,09:39:59,13,10.7,2.98,.74, , , 
12/05/2010,09:40:14,15.7,10.6,2.94,.68, , , 
12/05/2010,09:40:29,15.4,9.4,2.95,.76, , , 
12/05/2010,09:40:44,49.5,14.4,3.03,.68, , , 
12/05/2010,09:40:59,49.6,13.6,3.18,.67, , , 
12/05/2010,09:41:14,56.3,14.1,2.87,.65, , , 
12/05/2010,09:41:29,45,10.7,2.45,.6, , , 
12/05/2010,09:41:44,25.4,17.4,2.81,.64, , , 
12/05/2010,09:41:59,11.1,9.6,2.62,.69, , , 
12/05/2010,09:42:14,21.3,12.2,2.87,.68, , , 
12/05/2010,09:42:29,36.8,9,2.21,.69, , , 
12/05/2010,09:42:44,43.3,12.9,3.07,.61, , , 
12/05/2010,09:42:59,21.2,12.8,2.79,.69, , , 
12/05/2010,09:43:14,16.6,12.6,2.87,.64, , , 
12/05/2010,09:43:29,13,9.9,2.53,.7, , , 
12/05/2010,09:43:44,16.5,13.4,3.13,.65, , , 
12/05/2010,09:43:59,21.8,7.6,2.99,.58, , , 
12/05/2010,09:44:14,23.6,9.5,3.43,.63, , , 
12/05/2010,09:44:29,30.5,11.9,2.73,.61, , , 
12/05/2010,09:44:44,77.1,10.5,2.95,.71, , , 
12/05/2010,09:44:59,31.7,13.6,2.76,.67, , , 
12/05/2010,09:45:14,42.7,11.3,2.26,.62, , , 
12/05/2010,09:45:29,32.8,11.1,2.95,.64, , , 
12/05/2010,09:45:44,29,19.6,2.26,.55, , , 
12/05/2010,09:45:59,16.9,12.9,2.7,.65, , , 
12/05/2010,09:46:14,16.8,10.6,2.55,.57, , , 
12/05/2010,09:46:29,11.3,9.8,2.9,.66, , , 
12/05/2010,09:46:44,11.2,9.1,2.84,.64, , , 
12/05/2010,09:46:59,26.5,11,2.97,.69, , , 
12/05/2010,09:47:14,10.1,8.9,2.99,.64, , , 
12/05/2010,09:47:29,16.1,12.5,3.19,.79, , , 
12/05/2010,09:47:44,68.9,13,2.87,.71, , , 
12/05/2010,09:47:59,25.8,10.5,2.94,.63, , , 
12/05/2010,09:48:14,32.6,12.9,2.96,.64, , , 
12/05/2010,09:48:29,39.4,9.8,2.71,.81, , , 
12/05/2010,09:48:44,20.9,13.6,2.89,.51, , , 
12/05/2010,09:48:59,40.8,18.1,3.05,.69, , , 
12/05/2010,09:49:14,20.4,16.3,3.23,.63, , , 
12/05/2010,09:49:29,22.6,13.8,2.57,.66, , , 
12/05/2010,09:49:44,50.1,20.3,2.51,.58, , , 
12/05/2010,09:49:59,46.7,17.8,2.95,.6, , , 
12/05/2010,09:50:14,28.6,14.6,2.75,.65, , , 
12/05/2010,09:50:29,28.9,19.4,3.07,.61, , , 
12/05/2010,09:50:44,42.4,20.8,2.84,.53, , , 
12/05/2010,09:50:59,36.4,18,2.62,.64, , , 
12/05/2010,09:51:14,51.7,16.3,2.85,.69, , , 
12/05/2010,09:51:29,49.5,15.6,2.82,.58, , , 
12/05/2010,09:51:44,29.7,10.4,2.7,.68, , , 
12/05/2010,09:51:59,28.4,11.2,3.1,.63, , , 
12/05/2010,09:52:14,33.8,15.4,2.83,.61, , , 
12/05/2010,09:52:29,36.5,9,3,.66, , , 
12/05/2010,09:52:44,30.2,12.7,2.58,.62, , , 
12/05/2010,09:52:59,58.9,19.1,2.44,.62, , , 
12/05/2010,09:53:14,25.4,17.4,2.87,.7, , , 
12/05/2010,09:53:29,31.8,19.1,2.7,.73, , , 
12/05/2010,09:53:44,46.1,17.7,3.09,.6, , , 
12/05/2010,09:53:59,24.2,14.6,2.55,.65, , , 
12/05/2010,09:54:14,33.3,14.9,2.96,.64, , , 
12/05/2010,09:54:29,22.1,15.8,2.83,.66, , , 
12/05/2010,09:54:44,12.5,9.7,2.5,.62, , , 
12/05/2010,09:54:59,16.2,11.6,2.82,.68, , , 
12/05/2010,09:55:14,30.2,13.3,3.2,.64, , , 
12/05/2010,09:55:29,9.3,8.3,2.97,.7, , , 
12/05/2010,09:55:44,42.2,12.5,2.8,.67, , , 
12/05/2010,09:55:59,66.2,16.1,3.06,.6, , , 
12/05/2010,09:56:14,18.6,15,3.5,.67, , , 
12/05/2010,09:56:29,36.2,15.3,2.81,.66, , , 
12/05/2010,09:56:44,43.9,21.2,3.01,.66, , , 
12/05/2010,09:56:59,27.7,11.9,2.79,.6, , , 
12/05/2010,09:57:14,22.8,16,2.84,.62, , , 
12/05/2010,09:57:29,54.3,10.6,2.87,.59, , , 
12/05/2010,09:57:44,18.7,9.1,2.46,.55, , , 
12/05/2010,09:57:59,50,15.5,3,.58, , , 
12/05/2010,09:58:14,31.1,13.5,2.44,.64, , , 
12/05/2010,09:58:29,23.4,13.2,2.46,.62, , , 
12/05/2010,09:58:44,34.9,10.8,2.87,.7, , , 
12/05/2010,09:58:59,34.1,7.4,2.49,.57, , , 
12/05/2010,09:59:14,38.4,13,3.01,.65, , , 
12/05/2010,09:59:29,61.3,15.4,3.35,.62, , , 
12/05/2010,09:59:44,34.8,13.7,3.03,.71, , , 
12/05/2010,09:59:59,22.8,9.2,2.84,.64, , , 
12/05/2010,10:00:14,14.3,11.9,3.09,.68, , , 
12/05/2010,10:00:29,14.1,11.2,2.71,.65, , , 
12/05/2010,10:00:44,20,11.4,2.67,.62, , , 
12/05/2010,10:00:59,11.7,10.5,2.9,.63, , , 
12/05/2010,10:01:14,15,9.8,2.78,.61, , , 
12/05/2010,10:01:29,23.4,9.4,2.7,.65, , , 
12/05/2010,10:01:44,14.5,12,3.01,.69, , , 
12/05/2010,10:01:59,64.8,13.6,2.62,.63, , , 
12/05/2010,10:02:14,34.7,13.5,2.57,.48, , , 
12/05/2010,10:02:29,30.5,13.9,3.01,.63, , , 
12/05/2010,10:02:44,87.2,9.9,2.82,.6, , , 
12/05/2010,10:02:59,84.9,14.7,3.21,.61, , , 
12/05/2010,10:03:14,31.8,14.7,2.99,.63, , , 
12/05/2010,10:03:29,71.9,19.2,3.16,.76, , , 
12/05/2010,10:03:44,65.2,23.6,3.19,.72, , , 
12/05/2010,10:03:59,44,13.6,3.34,.67, , , 
12/05/2010,10:04:14,81.8,20.1,2.67,.5, , , 
12/05/2010,10:04:29,57.9,21.5,2.91,.61, , , 
12/05/2010,10:04:44,40.9,19.6,2.38,.6, , , 
12/05/2010,10:04:59,21.2,13.9,3.09,.71, , , 
12/05/2010,10:05:14,35.5,9.6,3.06,.66, , , 
12/05/2010,10:05:29,36.1,15.4,3.48,.75, , , 
12/05/2010,10:05:44,52.4,10.3,3.06,.64, , , 
12/05/2010,10:05:59,45.7,15.7,2.67,.67, , , 
12/05/2010,10:06:14,50.8,14.7,2.99,.59, , , 
12/05/2010,10:06:29,47.5,16,3.21,.63, , , 
12/05/2010,10:06:44,26.6,11,2.94,.62, , , 
12/05/2010,10:06:59,52.1,17.3,3.12,.59, , , 
12/05/2010,10:07:14,46.5,14.4,3,.68, , , 
12/05/2010,10:07:29,86,17.9,3.32,.67, , , 
12/05/2010,10:07:44,41,17.8,3.2,.65, , , 
12/05/2010,10:07:59,42.8,13,2.88,.66, , , 
12/05/2010,10:08:14,25.4,10.7,2.83,.55, , , 
12/05/2010,10:08:29,35.3,19.3,2.81,.6, , , 
12/05/2010,10:08:44,26.5,13.1,2.68,.56, , , 
12/05/2010,10:08:59,49,17.4,2.89,.65, , , 
12/05/2010,10:09:14,34.3,13.8,2.48,.57, , , 
12/05/2010,10:09:29,48.5,12.4,2.76,.61, , , 
12/05/2010,10:09:44,28.7,14.3,2.72,.62, , , 
12/05/2010,10:09:59,47.6,13.3,2.5,.51, , , 
12/05/2010,10:10:14,51.7,12.7,2.62,.55, , , 
12/05/2010,10:10:29,46,12,2.93,.62, , , 
12/05/2010,10:10:44,11.8,10.3,2.78,.59, , , 
12/05/2010,10:10:59,34.1,19.6,2.46,.51, , , 
12/05/2010,10:11:14,16.4,12.7,2.78,.56, , , 
12/05/2010,10:11:29,52.3,18.1,2.71,.63, , , 
12/05/2010,10:11:44,30.3,12.3,2.85,.67, , , 
12/05/2010,10:11:59,13.4,10.8,2.83,.62, , , 
12/05/2010,10:12:14,40.2,15.8,2.72,.67, , , 
12/05/2010,10:12:29,17.6,13.7,2.56,.59, , , 
12/05/2010,10:12:44,26.7,10.7,2.79,.69, , , 
12/05/2010,10:12:59,23.3,8.7,2.45,.62, , , 
12/05/2010,10:13:14,33.9,14.8,2.56,.57, , , 
12/05/2010,10:13:29,38.2,13.1,2.54,.49, , , 
12/05/2010,10:13:44,11.8,10.4,2.79,.66, , , 
12/05/2010,10:13:59,29.2,13.2,2.56,.57, , , 
12/05/2010,10:14:14,34.7,14.2,2.42,.6, , , 
12/05/2010,10:14:29,28.4,14.5,2.57,.54, , , 
12/05/2010,10:14:44,30.6,13.7,3.4,.51, , , 
12/05/2010,10:14:59,31.1,12.8,2.66,.6, , , 
12/05/2010,10:15:14,21.2,9.2,2.85,.64, , , 
12/05/2010,10:15:29,38.3,14.3,2.79,.7, , , 
12/05/2010,10:15:44,23.4,9.1,3.14,.62, , , 
12/05/2010,10:15:59,34.2,7,2.55,.62, , , 
12/05/2010,10:16:14,48.4,20,2.58,.5, , , 
12/05/2010,10:16:29,34.6,11.5,2.6,.75, , , 
12/05/2010,10:16:44,15.2,11.5,2.74,.65, , , 
12/05/2010,10:16:59,42.1,14.2,2.36,.6, , , 
12/05/2010,10:17:14,31.9,12.8,2.52,.68, , , 
12/05/2010,10:17:29,10.2,9.1,2.64,.54, , , 
12/05/2010,10:17:44,48.6,11.6,2.81,.58, , , 
12/05/2010,10:17:59,10.6,8.7,2.66,.65, , , 
12/05/2010,10:18:14,21.9,10.5,2.79,.69, , , 
12/05/2010,10:18:29,12.5,10.5,2.52,.57, , , 
12/05/2010,10:18:44,17.7,13.7,2.77,.54, , , 
12/05/2010,10:18:59,34.1,13.2,2.79,.58, , , 
12/05/2010,10:19:14,22.2,14.7,2.9,.64, , , 
12/05/2010,10:19:29,11.8,10,3.02,.62, , , 
12/05/2010,10:19:44,8.7,7.5,2.27,.61, , , 
12/05/2010,10:19:59,26.5,10.6,2.23,.54, , , 
12/05/2010,10:20:14,20.7,6.9,2.28,.54, , , 
12/05/2010,10:20:29,12.5,9.8,2.38,.63, , , 
12/05/2010,10:20:44,18.7,12,2.33,.51, , , 
12/05/2010,10:20:59,27,12.6,2.47,.63, , , 
12/05/2010,10:21:14,30,6.2,2.85,.72, , , 
12/05/2010,10:21:29,14.2,10.5,2.73,.57, , , 
12/05/2010,10:21:44,24.8,9.7,2.39,.59, , , 
12/05/2010,10:21:59,13.8,9.9,2.75,.56, , , 
12/05/2010,10:22:14,8,7.1,2.17,.61, , , 
12/05/2010,10:22:29,13.5,9.6,2.35,.57, , , 
12/05/2010,10:22:44,33.2,12.6,2.56,.59, , , 
12/05/2010,10:22:59,47.7,7.4,2.61,.6, , , 
12/05/2010,10:23:14,15.3,10.3,2.54,.48, , , 
12/05/2010,10:23:29,78.7,17.4,2.04,.57, , , 
12/05/2010,10:23:44,24.9,8.7,2.27,.53, , , 
12/05/2010,10:23:59,59.8,12.8,2.29,.58, , , 
12/05/2010,10:24:14,24.9,8.3,2.89,.68, , , 
12/05/2010,10:24:29,11.7,9.3,1.99,.47, , , 
12/05/2010,10:24:44,27.7,16,2.5,.52, , , 
12/05/2010,10:24:59,35.4,13.6,2.5,.58, , , 
12/05/2010,10:25:14,35,12.9,2.46,.54, , , 
12/05/2010,10:25:29,46.2,14.6,2.19,.52, , , 
12/05/2010,10:25:44,15.3,8.7,2.69,.66, , , 
12/05/2010,10:25:59,34.3,11.5,2.47,.59, , , 
12/05/2010,10:26:14,11.6,8.6,2.57,.54, , , 
12/05/2010,10:26:29,27,11.3,2.55,.56, , , 
12/05/2010,10:26:44,56.8,16.9,2.51,.59, , , 
12/05/2010,10:26:59,31.2,12.1,2.82,.59, , , 
12/05/2010,10:27:14,13.7,10.4,2.5,.52, , , 
12/05/2010,10:27:29,27.4,9.1,2.55,.58, , , 
12/05/2010,10:27:44,35.3,9.4,2.46,.61, , , 
12/05/2010,10:27:59,30.8,17.4,2.44,.61, , , 
12/05/2010,10:28:14,22.9,15.6,2.59,.52, , , 
12/05/2010,10:28:29,19.5,13.3,2.31,.57, , , 
12/05/2010,10:28:44,13.8,10.6,2.49,.69, , , 
12/05/2010,10:28:59,14,10.7,1.93,.59, , , 
12/05/2010,10:29:14,58.9,13.7,2.57,.62, , , 
12/05/2010,10:29:29,45.9,15,2.55,.63, , , 
12/05/2010,10:29:44,36.8,10.7,2.66,.58, , , 
12/05/2010,10:29:59,23.5,8.8,2.25,.47, , , 
12/05/2010,10:30:14,20.6,12,2.69,.67, , , 
12/05/2010,10:30:29,76.7,18.3,2.83,.52, , , 
12/05/2010,10:30:44,68.9,13.1,2.73,.63, , , 
12/05/2010,10:30:59,46.7,14.6,2.85,.62, , , 
12/05/2010,10:31:14,47.1,15.4,2.58,.62, , , 
12/05/2010,10:31:29,35.6,15.6,2.85,.58, , , 
12/05/2010,10:31:44,59.9,13.1,2.58,.54, , , 
12/05/2010,10:31:59,61.3,20.4,2.48,.5, , , 
12/05/2010,10:32:14,66,14.5,2.28,.45, , , 
12/05/2010,10:32:29,37.5,13.2,2.45,.64, , , 
12/05/2010,10:32:44,23.1,12.9,2.18,.62, , , 
12/05/2010,10:32:59,20.9,7.2,2.44,.61, , , 
12/05/2010,10:33:14,44.6,13.3,2.46,.5, , , 
12/05/2010,10:33:29,11.1,9.3,2.19,.5, , , 
12/05/2010,10:33:44,29.7,11.1,2.52,.48, , , 
12/05/2010,10:33:59,12.8,10,2.28,.54, , , 
12/05/2010,10:34:14,29.1,11.7,2.7,.61, , , 
12/05/2010,10:34:29,24.7,9.6,2.09,.58, , , 
12/05/2010,10:34:44,41.7,10.1,2.16,.56, , , 
12/05/2010,10:34:59,38.5,10.7,2.03,.51, , , 
12/05/2010,10:35:14,29.2,12.1,2.44,.54, , , 
12/05/2010,10:35:29,37.6,16.1,2.33,.66, , , 
12/05/2010,10:35:44,12.4,10.2,2.43,.51, , , 
12/05/2010,10:35:59,69.1,11.1,2.32,.51, , , 
12/05/2010,10:36:14,27,9.4,2.12,.45, , , 
12/05/2010,10:36:29,30.4,13.5,2.27,.55, , , 
12/05/2010,10:36:44,13.7,11.4,2.89,.56, , , 
12/05/2010,10:36:59,35.7,16.3,2.25,.58, , , 
12/05/2010,10:37:14,81,12.2,2.25,.49, , , 
12/05/2010,10:37:29,11.7,9.2,2.66,.6, , , 
12/05/2010,10:37:44,88.8,9.3,2.48,.53, , , 
12/05/2010,10:37:59,69.5,18.8,2.52,.49, , , 
12/05/2010,10:38:14,39.6,16.1,2.38,.47, , , 
12/05/2010,10:38:29,51.5,17.7,3.28,.61, , , 
12/05/2010,10:38:44,47.3,19.2,2.32,.53, , , 
12/05/2010,10:38:59,50.9,14.8,2.29,.54, , , 
12/05/2010,10:39:14,13.8,10.6,2.3,.5, , , 
12/05/2010,10:39:29,28.9,16.2,2.28,.56, , , 
12/05/2010,10:39:44,33.9,18.3,2.16,.51, , , 
12/05/2010,10:39:59,31.7,12.9,2.42,.42, , , 
12/05/2010,10:40:14,26.5,10.5,2.63,.61, , , 
12/05/2010,10:40:29,29.1,12.2,2.34,.55, , , 
12/05/2010,10:40:44,23.8,14.9,2.76,.53, , , 
12/05/2010,10:40:59,38.7,9.6,2.48,.5, , , 
12/05/2010,10:41:14,31.2,16.9,2.34,.48, , , 
12/05/2010,10:41:29,15.5,11.1,2.21,.57, , , 
12/05/2010,10:41:44,31.3,11.6,2.29,.54, , , 
12/05/2010,10:41:59,36,8.2,2.69,.54, , , 
12/05/2010,10:42:14,32.7,5.8,2.51,.51, , , 
12/05/2010,10:42:29,29.2,10,2.19,.49, , , 
12/05/2010,10:42:44,14.1,10.5,2.43,.56, , , 
12/05/2010,10:42:59,32.6,13,2.3,.55, , , 
12/05/2010,10:43:14,12.6,8.4,2.54,.52, , , 
12/05/2010,10:43:29,46,13.4,1.87,.48, , , 
12/05/2010,10:43:44,26.9,13.8,2.53,.51, , , 
12/05/2010,10:43:59,25,16,2.77,.55, , , 
12/05/2010,10:44:14,25.7,8.9,2.11,.62, , , 
12/05/2010,10:44:29,41,13.4,2.23,.57, , , 
12/05/2010,10:44:44,12,9.9,2.61,.48, , , 
12/05/2010,10:44:59,9.9,6.7,2.28,.6, , , 
12/05/2010,10:45:14,34.7,15.7,2.16,.53, , , 
12/05/2010,10:45:29,20,13,2.06,.45, , , 
12/05/2010,10:45:44,15.2,11.2,2.23,.55, , , 
12/05/2010,10:45:59,22.4,7.7,2.62,.62, , , 
12/05/2010,10:46:14,10.8,9.3,2.49,.57, , , 
12/05/2010,10:46:29,20.9,13.8,1.93,.54, , , 
12/05/2010,10:46:44,35.2,7.6,2.28,.49, , , 
12/05/2010,10:46:59,28.5,13.7,2.5,.56, , , 
12/05/2010,10:47:14,19.3,14.2,2.32,.51, , , 
12/05/2010,10:47:29,27,11.7,2.3,.46, , , 
12/05/2010,10:47:44,12.2,10.2,2.17,.46, , , 
12/05/2010,10:47:59,19.1,10.2,2.13,.49, , , 
12/05/2010,10:48:14,29.4,11.6,2.31,.46, , , 
12/05/2010,10:48:29,42.2,14.5,2.29,.4, , , 
12/05/2010,10:48:44,32.7,21,2.34,.63, , , 
12/05/2010,10:48:59,18.4,10.9,2.49,.49, , , 
12/05/2010,10:49:14,14.5,8.8,2.56,.6, , , 
12/05/2010,10:49:29,32.8,14.1,2.03,.62, , , 
12/05/2010,10:49:44,37.9,9.1,2.44,.55, , , 
12/05/2010,10:49:59,8.2,6.9,2.22,.47, , , 
12/05/2010,10:50:14,6.6,6.1,2.2,.54, , , 
12/05/2010,10:50:29,19.3,13.4,2.09,.57, , , 
12/05/2010,10:50:44,12.7,9.6,2.72,.58, , , 
12/05/2010,10:50:59,39.9,12.3,2.54,.54, , , 
12/05/2010,10:51:14,12.3,9.4,2.32,.53, , , 
12/05/2010,10:51:29,7.3,6.5,2.59,.53, , , 
12/05/2010,10:51:44,10.3,8.9,2.52,.51, , , 
12/05/2010,10:51:59,14.5,9.5,2.29,.53, , , 
12/05/2010,10:52:14,18.2,13,2.26,.48, , , 
12/05/2010,10:52:29,4.9,4.7,2.35,.53, , , 
12/05/2010,10:52:44,9.3,7.8,2.88,.62, , , 
12/05/2010,10:52:59,28.8,12.1,2.65,.56, , , 
12/05/2010,10:53:14,11.3,7.6,2.58,.56, , , 
12/05/2010,10:53:29,10.5,8.1,2.37,.5, , , 
12/05/2010,10:53:44,30.4,12.5,2.08,.51, , , 
12/05/2010,10:53:59,9.4,7.7,2.43,.45, , , 
12/05/2010,10:54:14,34.5,12.9,2.46,.51, , , 
12/05/2010,10:54:29,8,6.9,1.93,.56, , , 
12/05/2010,10:54:44,8.5,7.5,2.72,.49, , , 
12/05/2010,10:54:59,21.4,10,2.27,.62, , , 
12/05/2010,10:55:14,17.3,12.7,2.53,.6, , , 
12/05/2010,10:55:29,13.1,10.2,2.5,.63, , , 
12/05/2010,10:55:44,47.6,11.9,2.37,.6, , , 
12/05/2010,10:55:59,12,9.5,2.53,.52, , , 
12/05/2010,10:56:14,6.5,5.8,2.72,.56, , , 
12/05/2010,10:56:29,20.7,6.3,1.97,.63, , , 
12/05/2010,10:56:44,31.1,14,2.43,.58, , , 
12/05/2010,10:56:59,19.2,12.4,2.49,.58, , , 
12/05/2010,10:57:14,13.1,10,2.79,.58, , , 
12/05/2010,10:57:29,28.9,11.7,2.26,.51, , , 
12/05/2010,10:57:44,10.9,8.9,2.47,.54, , , 
12/05/2010,10:57:59,26.9,10.8,2.68,.53, , , 
12/05/2010,10:58:14,23.3,9.9,2.13,.47, , , 
12/05/2010,10:58:29,22.6,16.2,2.34,.51, , , 
12/05/2010,10:58:44,10.8,8.6,2.19,.59, , , 
12/05/2010,10:58:59,7.7,6.7,2.35,.49, , , 
12/05/2010,10:59:14,28.6,12.5,2.76,.54, , , 
12/05/2010,10:59:29,23.8,12.6,2.67,.54, , , 
12/05/2010,10:59:44,5.5,5.1,2.28,.55, , , 
12/05/2010,10:59:59,26.5,8.5,2.71,.52, , , 
12/05/2010,11:00:14,37.1,9,2.32,.62, , , 
12/05/2010,11:00:29,15.5,11.8,2.12,.52, , , 
12/05/2010,11:00:44,12.4,7.6,2.19,.48, , , 
12/05/2010,11:00:59,21,9.5,2.21,.58, , , 
12/05/2010,11:01:14,29.4,11.1,1.83,.51, , , 
12/05/2010,11:01:29,7.8,6.9,2.57,.66, , , 
12/05/2010,11:01:44,34,13,2.17,.57, , , 
12/05/2010,11:01:59,15.2,11.7,2.57,.54, , , 
12/05/2010,11:02:14,18.9,10.3,2.43,.52, , , 
12/05/2010,11:02:29,17.4,6.4,2.29,.55, , , 
12/05/2010,11:02:44,10.4,7.4,2.16,.52, , , 
12/05/2010,11:02:59,19.8,13.4,2.44,.57, , , 
12/05/2010,11:03:14,7.9,7.1,2.5,.52, , , 
12/05/2010,11:03:29,33.3,13.6,2.45,.6, , , 
12/05/2010,11:03:44,12.2,10.2,2.76,.54, , , 
12/05/2010,11:03:59,20,5.9,2.44,.58, , , 
12/05/2010,11:04:14,25.8,11.2,2.24,.72, , , 
12/05/2010,11:04:29,10.5,8.4,2.03,.5, , , 
12/05/2010,11:04:44,9.6,7.7,2.38,.54, , , 
12/05/2010,11:04:59,9.1,7.8,2.49,.57, , , 
12/05/2010,11:05:14,24.1,8.9,2.44,.57, , , 
12/05/2010,11:05:29,13,9,2.5,.61, , , 
12/05/2010,11:05:44,6.1,5.4,2.53,.57, , , 
12/05/2010,11:05:59,7.5,6.7,2.18,.51, , , 
12/05/2010,11:06:14,19.7,6.4,2.41,.67, , , 
12/05/2010,11:06:29,14,9.8,2.37,.57, , , 
12/05/2010,11:06:44,22.9,7.9,2.46,.53, , , 
12/05/2010,11:06:59,34.4,13.4,2.53,.6, , , 
12/05/2010,11:07:14,18.6,12.1,2.32,.56, , , 
12/05/2010,11:07:29,17.6,5.2,2.22,.52, , , 
12/05/2010,11:07:44,18.4,12.4,2.13,.46, , , 
12/05/2010,11:07:59,10.6,8.2,2.55,.49, , , 
12/05/2010,11:08:14,9.6,7.6,2.42,.5, , , 
12/05/2010,11:08:29,11.9,8,2.12,.49, , , 
12/05/2010,11:08:44,7.1,6.1,1.84,.53, , , 
12/05/2010,11:08:59,21.1,13.3,2.36,.55, , , 
12/05/2010,11:09:14,5.9,5.3,2.05,.54, , , 
12/05/2010,11:09:29,15.3,11.7,2.21,.56, , , 
12/05/2010,11:09:44,6.2,5.6,2.31,.6, , , 
12/05/2010,11:09:59,28,10.9,2.21,.5, , , 
12/05/2010,11:10:14,12.3,8.2,1.79,.54, , , 
12/05/2010,11:10:29,9.6,8.1,2.47,.54, , , 
12/05/2010,11:10:44,8,6.9,2.11,.63, , , 
12/05/2010,11:10:59,22.8,8.9,1.95,.52, , , 
12/05/2010,11:11:14,12.8,9.8,2.85,.57, , , 
12/05/2010,11:11:29,13.2,8.1,1.91,.5, , , 
12/05/2010,11:11:44,11.2,9.3,2.17,.47, , , 
12/05/2010,11:11:59,18,8.5,2.24,.55, , , 
12/05/2010,11:12:14,26.6,8.5,1.96,.47, , , 
12/05/2010,11:12:29,17.8,4.5,2.11,.55, , , 
12/05/2010,11:12:44,13,10.6,2.39,.48, , , 
12/05/2010,11:12:59,25.8,9.3,2.29,.57, , , 
12/05/2010,11:13:14,10.8,9.1,2.52,.61, , , 
12/05/2010,11:13:29,28.3,10.8,2.34,.6, , , 
12/05/2010,11:13:44,6.8,6.1,2.33,.7, , , 
12/05/2010,11:13:59,11,8.4,2.67,.53, , , 
12/05/2010,11:14:14,20.3,6.1,2.03,.47, , , 
12/05/2010,11:14:29,5.3,5,2.51,.5, , , 
12/05/2010,11:14:44,21,9.5,2.3,.52, , , 
12/05/2010,11:14:59,5.6,5.2,2.04,.53, , , 
12/05/2010,11:15:14,11.1,9.1,2.18,.55, , , 
12/05/2010,11:15:29,14.3,9.2,2.27,.71, , , 
12/05/2010,11:15:44,17.4,4.1,2.36,.58, , , 
12/05/2010,11:15:59,4.8,4.5,2.06,.48, , , 
12/05/2010,11:16:14,18.8,10.7,2.22,.6, , , 
12/05/2010,11:16:29,9.4,8.1,2.7,.51, , , 
12/05/2010,11:16:44,11.1,8.4,2.16,.61, , , 
12/05/2010,11:16:59,7.9,6.7,2.19,.49, , , 
12/05/2010,11:17:14,35.3,8.7,2.18,.51, , , 
12/05/2010,11:17:29,9.8,8.2,2.28,.49, , , 
12/05/2010,11:17:44,14.9,9.8,2.32,.46, , , 
12/05/2010,11:17:59,21.4,5.1,2.06,.48, , , 
12/05/2010,11:18:14,27.4,10.6,2.51,.56, , , 
12/05/2010,11:18:29,13.5,10.6,2.22,.6, , , 
12/05/2010,11:18:44,34.9,7.9,2.4,.48, , , 
12/05/2010,11:18:59,17.2,12.2,2.16,.53, , , 
12/05/2010,11:19:14,27.7,10.4,2.02,.49, , , 
12/05/2010,11:19:29,19.6,10.8,2.07,.5, , , 
12/05/2010,11:19:44,34.5,7.8,2.08,.57, , , 
12/05/2010,11:19:59,14.5,8.5,2.11,.5, , , 
12/05/2010,11:20:14,33.5,6.4,2.07,.55, , , 
12/05/2010,11:20:29,19.6,12.8,2.63,.57, , , 
12/05/2010,11:20:44,27.9,11.3,2.59,.62, , , 
12/05/2010,11:20:59,32.8,14.1,2.68,.53, , , 
12/05/2010,11:21:14,22.4,13.3,2.94,.62, , , 
12/05/2010,11:21:29,7,6.3,2.57,.51, , , 
12/05/2010,11:21:44,19.1,12.7,2.86,.63, , , 
12/05/2010,11:21:59,10.3,8.4,2.35,.55, , , 
12/05/2010,11:22:14,17.9,10.9,2.49,.55, , , 
12/05/2010,11:22:29,11,8.5,2.64,.49, , , 
12/05/2010,11:22:44,9.7,6.4,2.3,.54, , , 
12/05/2010,11:22:59,15.3,10.6,2.74,.56, , , 
12/05/2010,11:23:14,10.1,8.1,2.67,.55, , , 
12/05/2010,11:23:29,30.5,12.2,2.25,.59, , , 
12/05/2010,11:23:44,5.2,4.9,2.4,.48, , , 
12/05/2010,11:23:59,27.7,10.9,2.52,.52, , , 
12/05/2010,11:24:14,8.9,7.9,2.68,.58, , , 
12/05/2010,11:24:29,21.9,15.1,2.74,.7, , , 
12/05/2010,11:24:44,11,9.3,2.47,.53, , , 
12/05/2010,11:24:59,10.3,8.2,2.57,.49, , , 
12/05/2010,11:25:14,24,8.9,2.35,.56, , , 
12/05/2010,11:25:29,33.4,13.8,2.26,.58, , , 
12/05/2010,11:25:44,13.9,11,2.52,.52, , , 
12/05/2010,11:25:59,9.2,8,2.46,.62, , , 
12/05/2010,11:26:14,8.6,7,2.85,.6, , , 
12/05/2010,11:26:29,31.9,12.1,2.54,.53, , , 
12/05/2010,11:26:44,23.2,14.7,2.18,.61, , , 
12/05/2010,11:26:59,26.3,16.7,2.57,.49, , , 
12/05/2010,11:27:14,22.1,15.4,2.58,.57, , , 
12/05/2010,11:27:29,15.7,9.8,2.66,.6, , , 
12/05/2010,11:27:44,13.7,9.6,2.52,.58, , , 
12/05/2010,11:27:59,9.9,8.2,2.65,.58, , , 
12/05/2010,11:28:14,15,10.6,2.45,.54, , , 
12/05/2010,11:28:29,21.9,16.4,2.6,.67, , , 
12/05/2010,11:28:44,32.5,15,2.49,.59, , , 
12/05/2010,11:28:59,18.8,13.6,2.8,.6, , , 
12/05/2010,11:29:14,10.8,9.7,3.27,.68, , , 
12/05/2010,11:29:29,22.3,14.3,3.03,.7, , , 
12/05/2010,11:29:44,17.8,13.6,3.31,.63, , , 
12/05/2010,11:29:59,19.7,14.7,2.54,.55, , , 
12/05/2010,11:30:14,28.7,15.5,2.93,.65, , , 
12/05/2010,11:30:29,13.1,10.3,1.93,.52, , , 
12/05/2010,11:30:44,13.7,10.6,3.11,.62, , , 
12/05/2010,11:30:59,11.8,9,2.91,.64, , , 
12/05/2010,11:31:14,21.4,14.9,2.35,.66, , , 
12/05/2010,11:31:29,13.9,10.9,3.17,.55, , , 
12/05/2010,11:31:44,15.2,11.6,2.98,.58, , , 
12/05/2010,11:31:59,21.9,7.4,2.22,.56, , , 
12/05/2010,11:32:14,18.8,13,2.9,.64, , , 
12/05/2010,11:32:29,18.9,11.2,2.8,.61, , , 
12/05/2010,11:32:44,28.5,10.9,2.8,.6, , , 
12/05/2010,11:32:59,35.5,16.3,3.14,.63, , , 
12/05/2010,11:33:14,34.1,15.6,3.12,.71, , , 
12/05/2010,11:33:29,24,12.1,2.88,.72, , , 
12/05/2010,11:33:44,24,18,2.72,.6, , , 
12/05/2010,11:33:59,43.2,15.9,3.19,.67, , , 
12/05/2010,11:34:14,52.1,16.7,2.5,.67, , , 
12/05/2010,11:34:29,19.2,12.3,2.18,.52, , , 
12/05/2010,11:34:44,51.9,18.6,2.99,.54, , , 
12/05/2010,11:34:59,8.3,7.4,2.34,.69, , , 
12/05/2010,11:35:14,16.1,8.5,2.44,.6, , , 
12/05/2010,11:35:29,18.3,13.5,2.61,.61, , , 
12/05/2010,11:35:44,31.6,10.2,2.46,.64, , , 
12/05/2010,11:35:59,17.5,11.7,2.64,.66, , , 
12/05/2010,11:36:14,48.3,14.1,2.89,.76, , , 
12/05/2010,11:36:29,20.2,12.8,2.91,.63, , , 
12/05/2010,11:36:44,14.9,12.4,2.71,.75, , , 
12/05/2010,11:36:59,27.1,12,2.67,.62, , , 
12/05/2010,11:37:14,7.1,6.7,2.84,.71, , , 
12/05/2010,11:37:29,24,16.3,2.68,.69, , , 
12/05/2010,11:37:44,13.4,10.7,2.91,.57, , , 
12/05/2010,11:37:59,10.6,9.2,3.15,.61, , , 
12/05/2010,11:38:14,25,10.2,2.87,.59, , , 
12/05/2010,11:38:29,31.6,13.3,2.91,.67, , , 
12/05/2010,11:38:44,13.7,10.3,2.59,.73, , , 
12/05/2010,11:38:59,8,7.3,3.02,.64, , , 
12/05/2010,11:39:14,14.6,11.5,2.92,.7, , , 
12/05/2010,11:39:29,13.9,12.4,3.66,.81, , , 
12/05/2010,11:39:44,40.9,19,3.07,.71, , , 
12/05/2010,11:39:59,18.8,14.8,3.17,.73, , , 
12/05/2010,11:40:14,25.6,14.1,2.87,.56, , , 
12/05/2010,11:40:29,16.1,13.4,2.93,.63, , , 
12/05/2010,11:40:44,17.9,14,3.44,.68, , , 
12/05/2010,11:40:59,27.9,18.7,2.63,.64, , , 
12/05/2010,11:41:14,35.5,15.7,3.06,.71, , , 
12/05/2010,11:41:29,47.9,16.4,2.91,.73, , , 
12/05/2010,11:41:44,19,13.5,3.06,.74, , , 
12/05/2010,11:41:59,19.2,15,3.02,.71, , , 
12/05/2010,11:42:14,14.5,12.1,3.65,.72, , , 
12/05/2010,11:42:29,31.3,14,2.91,.74, , , 
12/05/2010,11:42:44,7.8,7.2,2.62,.68, , , 
12/05/2010,11:42:59,29.8,9.5,3.01,.62, , , 
12/05/2010,11:43:14,10.1,8.9,2.94,.67, , , 
12/05/2010,11:43:29,26.4,11.4,3.17,.6, , , 
12/05/2010,11:43:44,24.4,15.7,2.92,.59, , , 
12/05/2010,11:43:59,26.9,12.8,3.14,.62, , , 
12/05/2010,11:44:14,24.9,17.4,3.02,.8, , , 
12/05/2010,11:44:29,18.8,14.8,2.93,.71, , , 
12/05/2010,11:44:44,27.6,17.8,3.15,.72, , , 
12/05/2010,11:44:59,35.9,18.2,3.2,.61, , , 
12/05/2010,11:45:14,23,16.8,2.92,.59, , , 
12/05/2010,11:45:29,16,8.8,2.57,.62, , , 
12/05/2010,11:45:44,33.2,15.1,2.93,.67, , , 
12/05/2010,11:45:59,36.9,9.6,3.65,.75, , , 
12/05/2010,11:46:14,18.4,14.3,3.34,.65, , , 
12/05/2010,11:46:29,24.8,18.3,3.34,.75, , , 
12/05/2010,11:46:44,17.9,15,2.94,.66, , , 
12/05/2010,11:46:59,25.7,18.7,3.25,.68, , , 
12/05/2010,11:47:14,40.4,11.7,2.9,.7, , , 
12/05/2010,11:47:29,11.2,9.6,2.68,.65, , , 
12/05/2010,11:47:44,19,11.6,3.01,.68, , , 
12/05/2010,11:47:59,21.8,17.3,2.4,.71, , , 
12/05/2010,11:48:14,35.8,16.8,3.48,.65, , , 
12/05/2010,11:48:29,20.5,14,3.1,.67, , , 
12/05/2010,11:48:44,32.7,15.5,3.09,.72, , , 
12/05/2010,11:48:59,20.5,14,3.05,.66, , , 
12/05/2010,11:49:14,12.9,11.3,2.61,.7, , , 
12/05/2010,11:49:29,15.5,12.9,2.77,.66, , , 
12/05/2010,11:49:44,31.8,15.1,3.01,.64, , , 
12/05/2010,11:49:59,30.3,14.7,3.57,.69, , , 
12/05/2010,11:50:14,16.7,12.9,2.89,.74, , , 
12/05/2010,11:50:29,25.7,18.1,3.5,.71, , , 
12/05/2010,11:50:44,20.8,14.8,3.37,.8, , , 
12/05/2010,11:50:59,15.2,11.9,2.94,.76, , , 
12/05/2010,11:51:14,21.6,16.3,2.93,.67, , , 
12/05/2010,11:51:29,51.1,16.6,2.7,.75, , , 
12/05/2010,11:51:44,22.8,12.9,3.04,.64, , , 
12/05/2010,11:51:59,15.3,11.2,2.62,.59, , , 
12/05/2010,11:52:14,35.7,16.9,3.22,.74, , , 
12/05/2010,11:52:29,17.8,14.6,2.88,.62, , , 
12/05/2010,11:52:44,16.3,12.7,3.16,.67, , , 
12/05/2010,11:52:59,12.2,9.9,3.07,.74, , , 
12/05/2010,11:53:14,15.3,12.4,3.12,.7, , , 
12/05/2010,11:53:29,25.5,18.9,3,.77, , , 
12/05/2010,11:53:44,37.7,15.8,2.94,.74, , , 
12/05/2010,11:53:59,24,14.6,3.03,.64, , , 
12/05/2010,11:54:14,8.6,7.9,3.29,.72, , , 
12/05/2010,11:54:29,47.8,14.7,3.3,.74, , , 
12/05/2010,11:54:44,27.2,16.3,3.24,.7, , , 
12/05/2010,11:54:59,16.3,13.5,2.91,.69, , , 
12/05/2010,11:55:14,32.6,14.6,2.75,.61, , , 
12/05/2010,11:55:29,16.9,13.5,3.21,.64, , , 
12/05/2010,11:55:44,31.4,13,2.89,.61, , , 
12/05/2010,11:55:59,16.3,12.8,2.94,.62, , , 
12/05/2010,11:56:14,13.7,11.5,2.58,.56, , , 
12/05/2010,11:56:29,30.1,14.2,3.14,.64, , , 
12/05/2010,11:56:44,22.2,13.8,2.98,.63, , , 
12/05/2010,11:56:59,54.5,18.5,2.77,.65, , , 
12/05/2010,11:57:14,32.4,15.2,3.13,.67, , , 
12/05/2010,11:57:29,14,11.1,3,.69, , , 
12/05/2010,11:57:44,34.2,17.5,3.13,.63, , , 
12/05/2010,11:57:59,18.1,13.4,2.47,.66, , , 
12/05/2010,11:58:14,14.7,11.6,2.53,.7, , , 
12/05/2010,11:58:29,21,15.3,2.89,.71, , , 
12/05/2010,11:58:44,11,9.6,2.65,.67, , , 
12/05/2010,11:58:59,13,10.8,2.63,.74, , , 
12/05/2010,11:59:14,30.8,18.1,3.23,.61, , , 
12/05/2010,11:59:29,27.2,10.3,2.99,.61, , , 
12/05/2010,11:59:44,29,12.6,2.35,.63, , , 
12/05/2010,11:59:59,18.5,15.1,3.4,.74, , , 
12/05/2010,12:00:14,16.6,13,2.62,.62, , , 
12/05/2010,12:00:29,23.2,17.3,3.11,.71, , , 
12/05/2010,12:00:44,23.8,10.3,3.3,.76, , , 
12/05/2010,12:00:59,34.4,14.6,3.24,.64, , , 
12/05/2010,12:01:14,18.1,15.1,3,.68, , , 
12/05/2010,12:01:29,26.7,10.7,2.99,.64, , , 
12/05/2010,12:01:44,10.6,9.3,2.98,.66, , , 
12/05/2010,12:01:59,34,16.6,2.9,.62, , , 
12/05/2010,12:02:14,31.3,10.3,3.23,.69, , , 
12/05/2010,12:02:29,29.1,17.2,2.88,.67, , , 
12/05/2010,12:02:44,28.3,12.6,2.75,.66, , , 
12/05/2010,12:02:59,27.1,16.1,3.05,.64, , , 
12/05/2010,12:03:14,48.9,16.1,2.91,.58, , , 
12/05/2010,12:03:29,41.4,12.7,3.09,.67, , , 
12/05/2010,12:03:44,37.7,10.3,3.41,.62, , , 
12/05/2010,12:03:59,30.3,13.5,3.56,.68, , , 
12/05/2010,12:04:14,43.5,23.3,2.97,.66, , , 
12/05/2010,12:04:29,32.8,14,3.42,.6, , , 
12/05/2010,12:04:44,24.1,16.5,3.15,.64, , , 
12/05/2010,12:04:59,16,13.5,3.38,.65, , , 
12/05/2010,12:05:14,17.6,14.4,3.58,.69, , , 
12/05/2010,12:05:29,41.8,14.1,3.1,.65, , , 
12/05/2010,12:05:44,30.1,17.4,3.03,.67, , , 
12/05/2010,12:05:59,18.6,15,3.78,.71, , , 
12/05/2010,12:06:14,24.6,14.9,2.85,.64, , , 
12/05/2010,12:06:29,22.5,15.1,3.47,.78, , , 
12/05/2010,12:06:44,17.2,13.4,2.74,.6, , , 
12/05/2010,12:06:59,25,8.5,2.75,.6, , , 
12/05/2010,12:07:14,26.5,19.2,3.54,.83, , , 
12/05/2010,12:07:29,22.8,18.1,2.95,.61, , , 
12/05/2010,12:07:44,20.2,13.4,2.66,.6, , , 
12/05/2010,12:07:59,21.3,7.7,2.98,.66, , , 
12/05/2010,12:08:14,20.7,12.6,3.14,.75, , , 
12/05/2010,12:08:29,33.8,16.4,3.24,.69, , , 
12/05/2010,12:08:44,41.3,21.4,3.14,.56, , , 
12/05/2010,12:08:59,18.5,13.2,3.22,.58, , , 
12/05/2010,12:09:14,11,9.3,3.12,.63, , , 
12/05/2010,12:09:29,19.6,13.2,3.12,.71, , , 
12/05/2010,12:09:44,16.4,12.2,2.92,.64, , , 
12/05/2010,12:09:59,20.7,15.8,3.14,.66, , , 
12/05/2010,12:10:14,24.3,18.2,3.26,.65, , , 
12/05/2010,12:10:29,41.2,21.4,3.05,.71, , , 
12/05/2010,12:10:44,12,10.5,3.1,.65, , , 
12/05/2010,12:10:59,23.8,9.8,3.47,.7, , , 
12/05/2010,12:11:14,18.4,13.1,3.07,.65, , , 
12/05/2010,12:11:29,12.9,9.1,3.15,.65, , , 
12/05/2010,12:11:44,37.2,14.1,2.81,.62, , , 
12/05/2010,12:11:59,22.5,15.5,3.27,.71, , , 
12/05/2010,12:12:14,34.2,15.2,3.25,.72, , , 
12/05/2010,12:12:29,10.9,9.4,3.44,.75, , , 
12/05/2010,12:12:44,15.3,11.9,3.44,.68, , , 
12/05/2010,12:12:59,33.1,20.6,3.02,.65, , , 
12/05/2010,12:13:14,35.9,16.4,3.17,.68, , , 
12/05/2010,12:13:29,17.1,12.9,3.03,.61, , , 
12/05/2010,12:13:44,18.3,14.7,3.34,.6, , , 
12/05/2010,12:13:59,51.4,18.4,2.82,.64, , , 
12/05/2010,12:14:14,22,14.4,2.82,.7, , , 
12/05/2010,12:14:29,26.4,15.3,3.13,.62, , , 
12/05/2010,12:14:44,16.3,13.2,2.79,.7, , , 
12/05/2010,12:14:59,32.2,19.4,2.81,.67, , , 
12/05/2010,12:15:14,12.9,10.8,3.55,.68, , , 
12/05/2010,12:15:29,31.2,13,3.1,.66, , , 
12/05/2010,12:15:44,18.1,14.7,2.83,.66, , , 
12/05/2010,12:15:59,24.7,10,3.44,.61, , , 
12/05/2010,12:16:14,19.7,13.6,3.47,.63, , , 
12/05/2010,12:16:29,22.9,18.1,2.91,.64, , , 
12/05/2010,12:16:44,25.6,17.4,3.17,.73, , , 
12/05/2010,12:16:59,23.4,12.9,3.4,.71, , , 
12/05/2010,12:17:14,41.3,18.4,2.8,.66, , , 
12/05/2010,12:17:29,19.9,13.5,2.83,.78, , , 
12/05/2010,12:17:44,31.9,14.8,3.07,.71, , , 
12/05/2010,12:17:59,13.7,11.5,3.58,.74, , , 
12/05/2010,12:18:14,34.8,18.2,3.37,.66, , , 
12/05/2010,12:18:29,30.9,14.3,3.02,.72, , , 
12/05/2010,12:18:44,34.7,15.2,2.77,.62, , , 
12/05/2010,12:18:59,37.7,17.3,2.73,.63, , , 
12/05/2010,12:19:14,35.4,12.1,2.85,.61, , , 
12/05/2010,12:19:29,38.3,22.1,2.94,.69, , , 
12/05/2010,12:19:44,13.4,11.4,3.06,.66, , , 
12/05/2010,12:19:59,57,22.9,3.1,.66, , , 
12/05/2010,12:20:14,18.7,14.8,2.78,.66, , , 
12/05/2010,12:20:29,34.8,14,2.7,.61, , , 
12/05/2010,12:20:44,46,23.9,3.44,.77, , , 
12/05/2010,12:20:59,27.6,17.4,3.11,.77, , , 
12/05/2010,12:21:14,12.2,10,3.1,.63, , , 
12/05/2010,12:21:29,7.7,7.1,3.14,.59, , , 
12/05/2010,12:21:44,16,12.8,3.31,.61, , , 
12/05/2010,12:21:59,33.7,13.9,2.97,.66, , , 
12/05/2010,12:22:14,16,13.3,3.65,.65, , , 
12/05/2010,12:22:29,43.6,17,2.83,.79, , , 
12/05/2010,12:22:44,26.8,14.8,2.96,.68, , , 
12/05/2010,12:22:59,9.2,8.2,2.8,.61, , , 
12/05/2010,12:23:14,33.4,13.3,2.59,.65, , , 
12/05/2010,12:23:29,26.1,18.2,2.76,.59, , , 
12/05/2010,12:23:44,27,11.6,2.6,.62, , , 
12/05/2010,12:23:59,52.8,11.8,2.54,.63, , , 
12/05/2010,12:24:14,30.5,17.8,3.06,.71, , , 
12/05/2010,12:24:29,26,18.8,3.33,.65, , , 
12/05/2010,12:24:44,32.6,12.6,3.02,.59, , , 
12/05/2010,12:24:59,14.9,11.9,2.84,.7, , , 
12/05/2010,12:25:14,41.5,15.2,3.03,.62, , , 
12/05/2010,12:25:29,48.1,16.2,2.4,.65, , , 
12/05/2010,12:25:44,14.2,11.8,2.83,.71, , , 
12/05/2010,12:25:59,28.2,12.3,2.95,.66, , , 
12/05/2010,12:26:14,38.4,16.2,2.92,.66, , , 
12/05/2010,12:26:29,50.6,12,2.52,.68, , , 
12/05/2010,12:26:44,26,17.5,3.01,.65, , , 
12/05/2010,12:26:59,28.6,11.1,2.97,.65, , , 
12/05/2010,12:27:14,26.7,11.7,2.89,.6, , , 
12/05/2010,12:27:29,22.1,15.3,2.77,.68, , , 
12/05/2010,12:27:44,17.7,13,2.58,.66, , , 
12/05/2010,12:27:59,32,13.7,3.4,.66, , , 
12/05/2010,12:28:14,14.3,11.7,2.87,.68, , , 
12/05/2010,12:28:29,14.3,9.4,2.82,.69, , , 
12/05/2010,12:28:44,10.6,8.8,2.71,.61, , , 
12/05/2010,12:28:59,22.6,15.4,2.95,.6, , , 
12/05/2010,12:29:14,16.7,13.3,3.04,.56, , , 
12/05/2010,12:29:29,21.4,16.7,2.74,.63, , , 
12/05/2010,12:29:44,45.5,16.9,2.97,.63, , , 
12/05/2010,12:29:59,52,19.6,2.75,.63, , , 
12/05/2010,12:30:14,53.1,18.5,2.88,.6, , , 
12/05/2010,12:30:29,37.8,17,3.02,.77, , , 
12/05/2010,12:30:44,28.2,13,3.28,.61, , , 
12/05/2010,12:30:59,49.7,15.3,3.15,.66, , , 
12/05/2010,12:31:14,20.7,13.4,2.78,.65, , , 
12/05/2010,12:31:29,35,21.4,2.82,.59, , , 
12/05/2010,12:31:44,19.6,13.3,3.18,.7, , , 
12/05/2010,12:31:59,27,11.7,2.99,.7, , , 
12/05/2010,12:32:14,27.3,10.9,2.8,.58, , , 
12/05/2010,12:32:29,29.6,20.1,2.8,.59, , , 
12/05/2010,12:32:44,13.5,10.3,2.53,.68, , , 
12/05/2010,12:32:59,13.3,11.1,2.62,.66, , , 
12/05/2010,12:33:14,23.6,9.1,2.59,.6, , , 
12/05/2010,12:33:29,33.9,13.7,2.93,.61, , , 
12/05/2010,12:33:44,24.6,13.6,2.59,.59, , , 
12/05/2010,12:33:59,56.4,18.6,3.4,.63, , , 
12/05/2010,12:34:14,28.1,9.8,2.78,.5, , , 
12/05/2010,12:34:29,26.5,11.4,2.53,.58, , , 
12/05/2010,12:34:44,28.4,12.2,2.91,.66, , , 
12/05/2010,12:34:59,18.7,10.2,2.86,.57, , , 
12/05/2010,12:35:14,13,9.8,2.5,.61, , , 
12/05/2010,12:35:29,14.8,11.6,2.57,.62, , , 
12/05/2010,12:35:44,10.2,8.6,2.65,.56, , , 
12/05/2010,12:35:59,11.6,10.1,2.49,.55, , , 
12/05/2010,12:36:14,39.9,10.1,2.65,.61, , , 
12/05/2010,12:36:29,24.2,8.8,2.42,.68, , , 
12/05/2010,12:36:44,23,8.4,2.61,.57, , , 
12/05/2010,12:36:59,24.2,10.1,3.3,.55, , , 
12/05/2010,12:37:14,54.8,17.1,2.8,.59, , , 
12/05/2010,12:37:29,15.8,13.2,3.17,.56, , , 
12/05/2010,12:37:44,21,14.4,2.89,.77, , , 
12/05/2010,12:37:59,24.1,13.9,2.86,.67, , , 
12/05/2010,12:38:14,28.1,18.8,3.38,.58, , , 
12/05/2010,12:38:29,48,16.4,3.32,.85, , , 
12/05/2010,12:38:44,34.4,15.8,2.73,.6, , , 
12/05/2010,12:38:59,45.8,19.6,2.87,.69, , , 
12/05/2010,12:39:14,32.4,15.9,2.91,.66, , , 
12/05/2010,12:39:29,33.8,15.1,3.04,.65, , , 
12/05/2010,12:39:44,55.3,24.6,2.59,.56, , , 
12/05/2010,12:39:59,25.8,18.1,3.33,.69, , , 
12/05/2010,12:40:14,54.4,23.5,3.26,.66, , , 
12/05/2010,12:40:29,31,13.6,3.35,.6, , , 
12/05/2010,12:40:44,31.4,12.9,2.94,.65, , , 
12/05/2010,12:40:59,77.6,17.2,3.33,.71, , , 
12/05/2010,12:41:14,24.7,17.8,2.65,.61, , , 
12/05/2010,12:41:29,26.2,16.3,2.76,.59, , , 
12/05/2010,12:41:44,31.4,20.2,3.24,.78, , , 
12/05/2010,12:41:59,61.6,17.5,3.29,.69, , , 
12/05/2010,12:42:14,69.3,22,3.31,.66, , , 
12/05/2010,12:42:29,76,20.4,3.36,.7, , , 
12/05/2010,12:42:44,61.5,15.8,3.26,.61, , , 
12/05/2010,12:42:59,27.5,20.8,3.13,.67, , , 
12/05/2010,12:43:14,53.3,19.6,3.62,.8, , , 
12/05/2010,12:43:29,112.3,28,3.12,.71, , , 
12/05/2010,12:43:44,48,15.3,2.97,.61, , , 
12/05/2010,12:43:59,32.1,22.4,3.89,.73, , , 
12/05/2010,12:44:14,143.8,28,3.06,.75, , , 
12/05/2010,12:44:29,53.1,13.7,3.57,.58, , , 
12/05/2010,12:44:44,93.5,27,3.19,.62, , , 
12/05/2010,12:44:59,51.4,21.9,3.14,.71, , , 
12/05/2010,12:45:14,31.5,15.3,2.87,.64, , , 
12/05/2010,12:45:29,70.1,16,3.4,.59, , , 
12/05/2010,12:45:44,62.1,24.2,3.2,.71, , , 
12/05/2010,12:45:59,66.9,18.6,3.07,.65, , , 
12/05/2010,12:46:14,71.9,31.6,3.34,.64, , , 
12/05/2010,12:46:29,31.4,13.9,3.35,.74, , , 
12/05/2010,12:46:44,52.4,18.2,3.24,.66, , , 
12/05/2010,12:46:59,35.1,13.9,2.83,.67, , , 
12/05/2010,12:47:14,20.3,16.1,3.03,.6, , , 
12/05/2010,12:47:29,25.8,17.1,2.71,.64, , , 
12/05/2010,12:47:44,30.6,13.4,2.94,.65, , , 
12/05/2010,12:47:59,59.4,22.8,3.28,.65, , , 
12/05/2010,12:48:14,36.1,20.7,3.36,.73, , , 
12/05/2010,12:48:29,39.7,18.1,3.01,.58, , , 
12/05/2010,12:48:44,69.9,21.6,3.25,.69, , , 
12/05/2010,12:48:59,27.2,17,2.72,.64, , , 
12/05/2010,12:49:14,23.1,15.1,2.96,.54, , , 
12/05/2010,12:49:29,39.3,14.8,3.12,.53, , , 
12/05/2010,12:49:44,55.9,16.2,3.12,.64, , , 
12/05/2010,12:49:59,35,17.5,2.87,.79, , , 
12/05/2010,12:50:14,50.1,23.3,3.94,.62, , , 
12/05/2010,12:50:29,46.9,22.8,3.3,.62, , , 
12/05/2010,12:50:44,39.6,17.5,3.2,.69, , , 
12/05/2010,12:50:59,28.3,19.8,3.38,.6, , , 
12/05/2010,12:51:14,106.7,28.6,3.04,.62, , , 
12/05/2010,12:51:29,20.7,15.8,3.35,.59, , , 
12/05/2010,12:51:44,28.2,13.2,3.58,.72, , , 
12/05/2010,12:51:59,44.8,20.3,2.92,.6, , , 
12/05/2010,12:52:14,52.4,13.6,2.86,.62, , , 
12/05/2010,12:52:29,63.6,12.9,2.85,.67, , , 
12/05/2010,12:52:44,29.3,19.3,3.33,.66, , , 
12/05/2010,12:52:59,23.1,14.8,2.68,.63, , , 
12/05/2010,12:53:14,42.9,11.1,2.56,.61, , , 
12/05/2010,12:53:29,20.9,14.8,2.69,.63, , , 
12/05/2010,12:53:44,26.9,18.9,3.41,.61, , , 
12/05/2010,12:53:59,13.2,11.2,3.06,.64, , , 
12/05/2010,12:54:14,21.7,14,2.79,.69, , , 
12/05/2010,12:54:29,10.5,9.3,3.06,.65, , , 
12/05/2010,12:54:44,27.5,11.5,2.65,.61, , , 
12/05/2010,12:54:59,27,11.1,3.08,.58, , , 
12/05/2010,12:55:14,36.1,8.2,2.71,.64, , , 
12/05/2010,12:55:29,28.2,12.3,2.82,.55, , , 
12/05/2010,12:55:44,50,20.3,2.69,.62, , , 
12/05/2010,12:55:59,32.4,18.8,3.82,.65, , , 
12/05/2010,12:56:14,51.5,22.6,2.65,.66, , , 
12/05/2010,12:56:29,51.3,16.9,3.32,.66, , , 
12/05/2010,12:56:44,36.5,25,3.04,.67, , , 
12/05/2010,12:56:59,26.9,17.4,3.02,.62, , , 
12/05/2010,12:57:14,63.6,20.9,3.09,.7, , , 
12/05/2010,12:57:29,42.1,15.8,2.8,.56, , , 
12/05/2010,12:57:44,27.7,11.4,3.14,.64, , , 
12/05/2010,12:57:59,15.9,13.7,3.22,.66, , , 
12/05/2010,12:58:14,23.2,16,3.47,.62, , , 
12/05/2010,12:58:29,63.7,20.5,3.44,.71, , , 
12/05/2010,12:58:44,22.5,12,3.22,.7, , , 
12/05/2010,12:58:59,53.4,25.5,3.95,.75, , , 
12/05/2010,12:59:14,24,18.1,3.21,.65, , , 
12/05/2010,12:59:29,23.1,16.3,2.95,.63, , , 
12/05/2010,12:59:44,28.4,16.6,2.72,.72, , , 
12/05/2010,12:59:59,25.4,17.5,3.08,.61, , , 
12/05/2010,13:00:14,59.2,14.7,2.84,.56, , , 
12/05/2010,13:00:29,27,18.8,3.03,.59, , , 
12/05/2010,13:00:44,37,16.5,3.18,.59, , , 
12/05/2010,13:00:59,28.5,18,2.93,.67, , , 
12/05/2010,13:01:14,49.1,16.9,3.32,.73, , , 
12/05/2010,13:01:29,95.2,18.7,3.71,.74, , , 
12/05/2010,13:01:44,111.9,22.3,3.33,.87, , , 
12/05/2010,13:01:59,44.2,19.9,3.2,.88, , , 
