time, lat, lon, pm1.0
010/05/10T15:54:37,51.533689,-0.121111,.57
010/05/10T15:54:38,51.533689,-0.121111,.57
010/05/10T15:55:53,51.533689,-0.121111,.66
010/05/10T15:55:58,51.533689,-0.121111,.66
010/05/10T15:56:20,51.533568,-0.122038,.55
010/05/10T15:56:29,51.533568,-0.122038,.64
010/05/10T17:22:45,51.533450,-0.120685,.66
010/05/10T17:22:47,51.533648,-0.119340,.66
010/05/10T17:23:24,51.533406,-0.118770,.65
010/05/10T17:23:52,51.533640,-0.118482,.55
010/05/10T17:23:54,51.533640,-0.118482,.55
010/05/10T17:24:07,51.533809,-0.118233,.53
010/05/10T17:24:17,51.533906,-0.118107,.61
010/05/10T17:24:25,51.534002,-0.118026,.61
010/05/10T17:24:40,51.534221,-0.117876,.61
010/05/10T17:24:55,51.534394,-0.117708,.7
010/05/10T17:25:15,51.534618,-0.117417,.67
010/05/10T17:25:40,51.534813,-0.117241,.68
010/05/10T17:25:45,51.534922,-0.117223,.6
010/05/10T17:25:49,51.535029,-0.117191,.6
010/05/10T17:25:57,51.535153,-0.117123,.6
010/05/10T17:26:10,51.535298,-0.117079,.54
010/05/10T17:26:19,51.535391,-0.117054,.65
010/05/10T17:26:25,51.535487,-0.117032,.65
010/05/10T17:26:31,51.535579,-0.116992,.5
010/05/10T17:26:38,51.535658,-0.116910,.5
010/05/10T17:26:48,51.535735,-0.116817,.69
010/05/10T17:27:01,51.535856,-0.116631,.57
010/05/10T17:27:13,51.535949,-0.116548,.57
010/05/10T17:27:24,51.536081,-0.116541,.57
010/05/10T17:27:33,51.536206,-0.116540,.68
010/05/10T17:27:47,51.536488,-0.116500,.51
010/05/10T17:27:56,51.536603,-0.116482,.51
010/05/10T17:28:02,51.536703,-0.116473,.63
010/05/10T17:28:39,51.536956,-0.116078,.52
010/05/10T17:28:41,51.536960,-0.116035,.52
010/05/10T17:28:43,51.536963,-0.115995,.52
010/05/10T17:29:16,51.536927,-0.115494,.65
010/05/10T17:29:25,51.536908,-0.115271,.65
010/05/10T17:29:33,51.536854,-0.114979,.62
010/05/10T17:30:00,51.536828,-0.114516,.55
010/05/10T17:30:13,51.536806,-0.114081,.55
010/05/10T17:30:32,51.536871,-0.113961,.55
010/05/10T17:30:37,51.536962,-0.113931,.55
010/05/10T17:30:42,51.537055,-0.113911,.55
010/05/10T17:30:49,51.537130,-0.113895,.65
010/05/10T17:30:55,51.537229,-0.113851,.65
010/05/10T17:31:04,51.537320,-0.113877,.64
010/05/10T17:31:12,51.537413,-0.113878,.64
010/05/10T17:31:19,51.537509,-0.113877,.61
010/05/10T17:31:20,51.537519,-0.113873,.61
010/05/10T17:31:27,51.537625,-0.113831,.61
010/05/10T17:31:36,51.537721,-0.113798,.68
010/05/10T17:31:39,51.537752,-0.113786,.68
010/05/10T17:31:46,51.537842,-0.113768,.54
010/05/10T17:31:53,51.537923,-0.113760,.54
010/05/10T17:32:03,51.538049,-0.113722,.6
010/05/10T17:32:14,51.538169,-0.113667,.64
010/05/10T17:32:33,51.538387,-0.113557,.67
010/05/10T17:32:44,51.538447,-0.113589,.53
010/05/10T17:33:20,51.538549,-0.113674,.63
010/05/10T17:33:38,51.538572,-0.113670,.59
010/05/10T17:33:45,51.538580,-0.113669,.61
010/05/10T17:33:46,51.538580,-0.113669,.61
010/05/10T17:33:53,51.538601,-0.113687,.61
010/05/10T17:33:57,51.538602,-0.113689,.61
010/05/10T17:34:03,51.538617,-0.113708,.62
010/05/10T17:34:54,51.538895,-0.113625,.64
010/05/10T17:35:12,51.539055,-0.113604,.58
010/05/10T17:35:29,51.539202,-0.113588,.65
010/05/10T17:35:40,51.539304,-0.113605,.65
010/05/10T17:35:46,51.539416,-0.113612,.69
010/05/10T17:35:51,51.539530,-0.113602,.69
010/05/10T17:35:59,51.539803,-0.113536,.56
010/05/10T17:36:19,51.540080,-0.113540,.58
010/05/10T17:36:28,51.540172,-0.113513,.58
010/05/10T17:36:36,51.540287,-0.113506,.67
010/05/10T17:36:41,51.540398,-0.113503,.67
010/05/10T17:36:53,51.540670,-0.113503,.64
010/05/10T17:36:57,51.540670,-0.113503,.64
010/05/10T17:36:58,51.540756,-0.113434,.64
010/05/10T17:37:24,51.540793,-0.113164,.73
010/05/10T17:37:40,51.540773,-0.112711,.67
010/05/10T17:37:51,51.540802,-0.112481,.69
010/05/10T17:38:06,51.540874,-0.112322,.69
010/05/10T17:38:27,51.541166,-0.112302,.6
010/05/10T17:38:34,51.541253,-0.112248,.61
010/05/10T17:38:54,51.541327,-0.112128,.58
010/05/10T17:39:07,51.541423,-0.111986,.57
010/05/10T17:39:16,51.541461,-0.111729,.77
010/05/10T17:39:29,51.541512,-0.111261,.62
010/05/10T17:39:41,51.541526,-0.111000,.62
010/05/10T17:39:43,51.541526,-0.111000,.62
010/05/10T17:39:52,51.541518,-0.110822,.62
010/05/10T17:39:54,51.541518,-0.110822,.62
010/05/10T17:40:21,51.541578,-0.110446,.6
010/05/10T17:40:35,51.541632,-0.110112,.65
010/05/10T17:40:58,51.541885,-0.109944,.73
010/05/10T17:41:06,51.542008,-0.109951,.66
010/05/10T17:41:49,51.542150,-0.109667,.63
010/05/10T17:42:07,51.542235,-0.109151,.68
010/05/10T17:42:09,51.542235,-0.109151,.68
010/05/10T17:42:16,51.542275,-0.108697,.63
010/05/10T17:42:28,51.542320,-0.108392,.63
010/05/10T17:42:34,51.542347,-0.108270,.66
010/05/10T17:42:41,51.542419,-0.108070,.66
010/05/10T17:42:48,51.542461,-0.107927,.66
010/05/10T17:42:55,51.542502,-0.107765,.66
010/05/10T17:43:02,51.542542,-0.107598,.66
010/05/10T17:43:13,51.542570,-0.107455,.66
010/05/10T17:43:25,51.542594,-0.107169,.58
010/05/10T17:43:38,51.542611,-0.106997,.7
010/05/10T17:43:44,51.542620,-0.106832,.73
010/05/10T17:43:45,51.542620,-0.106832,.73
010/05/10T17:43:48,51.542634,-0.106686,.73
010/05/10T17:43:54,51.542694,-0.106504,.73
010/05/10T17:43:59,51.542730,-0.106368,.72
010/05/10T17:44:05,51.542763,-0.106229,.72
010/05/10T17:44:10,51.542784,-0.106074,.72
010/05/10T17:44:15,51.542794,-0.105920,.78
010/05/10T17:44:21,51.542808,-0.105782,.78
010/05/10T17:44:27,51.542831,-0.105636,.78
010/05/10T17:44:34,51.542856,-0.105486,.52
010/05/10T17:44:42,51.542888,-0.105331,.52
010/05/10T17:44:47,51.542908,-0.105186,.58
010/05/10T17:44:55,51.542935,-0.105019,.58
010/05/10T17:45:01,51.542951,-0.104853,.72
010/05/10T17:45:07,51.542968,-0.104678,.72
010/05/10T17:45:18,51.543003,-0.104401,.54
010/05/10T17:45:27,51.543035,-0.104247,.54
010/05/10T17:45:36,51.543054,-0.104094,.66
010/05/10T17:46:05,51.543183,-0.103658,.71
010/05/10T17:46:16,51.543152,-0.103517,.63
010/05/10T17:46:28,51.543115,-0.103376,.63
010/05/10T17:46:43,51.543123,-0.103142,.63
010/05/10T17:46:58,51.543163,-0.102736,.56
010/05/10T17:47:01,51.543163,-0.102736,.66
010/05/10T17:47:05,51.543183,-0.102552,.66
010/05/10T17:47:12,51.543198,-0.102356,.66
010/05/10T17:47:22,51.543212,-0.102154,.66
010/05/10T17:47:30,51.543234,-0.101995,.6
010/05/10T17:47:30,51.543238,-0.101976,.6
010/05/10T17:47:38,51.543266,-0.101803,.6
010/05/10T17:47:46,51.543292,-0.101653,.71
010/05/10T17:47:49,51.543292,-0.101653,.71
010/05/10T17:47:52,51.543314,-0.101501,.71
010/05/10T17:48:00,51.543342,-0.101359,.62
010/05/10T17:48:07,51.543401,-0.101238,.62
010/05/10T17:48:18,51.543495,-0.101145,.65
010/05/10T17:48:25,51.543585,-0.101010,.65
010/05/10T17:48:31,51.543627,-0.100887,.7
010/05/10T17:48:36,51.543664,-0.100745,.7
010/05/10T17:48:43,51.543651,-0.100576,.7
010/05/10T17:49:00,51.543619,-0.100395,.68
010/05/10T17:49:09,51.543648,-0.100248,.68
010/05/10T17:49:19,51.543702,-0.100019,.65
010/05/10T17:49:23,51.543707,-0.100001,.65
010/05/10T17:49:27,51.543740,-0.099864,.65
010/05/10T17:49:37,51.543751,-0.099701,.52
010/05/10T17:49:41,51.543757,-0.099601,.52
010/05/10T17:49:54,51.543857,-0.099423,.74
010/05/10T17:49:56,51.543857,-0.099423,.74
010/05/10T17:50:01,51.543934,-0.099330,.62
010/05/10T17:50:08,51.543971,-0.099193,.62
010/05/10T17:50:17,51.544028,-0.099074,.66
010/05/10T17:50:28,51.544182,-0.098956,.66
010/05/10T17:50:42,51.544329,-0.098618,.61
010/05/10T17:50:45,51.544333,-0.098594,.65
010/05/10T17:50:47,51.544348,-0.098439,.65
010/05/10T17:50:54,51.544360,-0.098281,.65
010/05/10T17:51:05,51.544392,-0.098047,.71
010/05/10T17:51:14,51.544460,-0.097885,.67
010/05/10T17:51:17,51.544460,-0.097885,.67
010/05/10T17:51:22,51.544515,-0.097757,.67
010/05/10T17:51:35,51.544472,-0.097515,.65
010/05/10T17:51:57,51.544167,-0.097303,.57
010/05/10T17:52:05,51.544024,-0.097205,.69
010/05/10T17:52:12,51.543930,-0.097165,.69
010/05/10T17:52:38,51.543655,-0.097184,.76
010/05/10T17:52:51,51.543469,-0.097184,.7
010/05/10T17:53:01,51.543332,-0.097130,.6
010/05/10T17:53:14,51.543180,-0.097131,.63
010/05/10T17:53:26,51.543017,-0.097121,.63
010/05/10T17:53:35,51.542910,-0.097069,.54
010/05/10T17:53:36,51.542910,-0.097069,.54
010/05/10T17:53:49,51.542901,-0.096920,.65
010/05/10T17:53:55,51.542923,-0.096821,.65
010/05/10T17:54:01,51.542977,-0.096675,.55
010/05/10T17:54:10,51.543088,-0.096476,.55
010/05/10T17:54:11,51.543088,-0.096476,.55
010/05/10T17:54:16,51.543140,-0.096356,.66
010/05/10T17:54:26,51.543215,-0.096198,.66
010/05/10T17:54:37,51.543276,-0.096090,.6
010/05/10T17:54:46,51.543347,-0.095890,.7
010/05/10T17:54:47,51.543347,-0.095875,.7
010/05/10T17:54:55,51.543312,-0.095733,.7
010/05/10T17:55:02,51.543244,-0.095623,.65
010/05/10T17:55:08,51.543171,-0.095525,.65
010/05/10T17:55:14,51.543104,-0.095425,.62
010/05/10T17:55:22,51.543002,-0.095308,.62
010/05/10T17:55:25,51.542993,-0.095304,.62
010/05/10T17:55:29,51.542904,-0.095262,.68
010/05/10T17:55:43,51.542796,-0.095233,.68
010/05/10T17:55:56,51.542637,-0.095176,.51
010/05/10T17:56:09,51.542471,-0.095081,.65
010/05/10T17:56:16,51.542388,-0.095012,.74
010/05/10T17:56:24,51.542271,-0.094939,.74
010/05/10T17:56:31,51.542166,-0.094884,.58
010/05/10T17:56:37,51.542078,-0.094836,.58
010/05/10T17:56:43,51.541983,-0.094791,.58
010/05/10T17:56:47,51.541893,-0.094751,.67
010/05/10T17:56:53,51.541781,-0.094714,.67
010/05/10T17:57:01,51.541695,-0.094664,.64
010/05/10T17:57:02,51.541676,-0.094643,.64
010/05/10T17:57:15,51.541579,-0.094477,.68
010/05/10T17:57:22,51.541539,-0.094345,.68
010/05/10T17:57:38,51.541367,-0.094037,.72
010/05/10T17:57:45,51.541311,-0.093990,.68
010/05/10T17:57:49,51.541215,-0.093900,.68
010/05/10T17:57:58,51.541120,-0.093787,.68
010/05/10T17:58:03,51.541042,-0.093682,.58
010/05/10T17:58:08,51.540967,-0.093574,.58
010/05/10T17:58:15,51.540895,-0.093476,.62
010/05/10T17:58:17,51.540889,-0.093466,.62
010/05/10T17:58:25,51.540802,-0.093315,.62
010/05/10T17:58:31,51.540743,-0.093201,.65
010/05/10T17:58:37,51.540671,-0.093049,.65
010/05/10T17:58:42,51.540617,-0.092933,.65
010/05/10T17:58:47,51.540557,-0.092818,.62
010/05/10T17:58:54,51.540489,-0.092706,.62
010/05/10T17:59:01,51.540411,-0.092602,.66
010/05/10T17:59:06,51.540335,-0.092491,.66
010/05/10T17:59:15,51.540214,-0.092318,.57
010/05/10T17:59:20,51.540148,-0.092215,.57
010/05/10T17:59:26,51.540081,-0.092109,.57
010/05/10T17:59:33,51.539980,-0.091962,.61
010/05/10T17:59:34,51.539980,-0.091962,.61
010/05/10T17:59:38,51.539906,-0.091864,.61
010/05/10T17:59:44,51.539833,-0.091763,.61
010/05/10T17:59:55,51.539716,-0.091583,.61
010/05/10T18:00:06,51.539609,-0.091431,.6
010/05/10T18:00:14,51.539539,-0.091314,.66
010/05/10T18:00:22,51.539477,-0.091169,.66
010/05/10T18:00:28,51.539419,-0.091078,.66
010/05/10T18:00:33,51.539351,-0.090980,.57
010/05/10T18:00:41,51.539271,-0.090900,.57
010/05/10T18:00:42,51.539263,-0.090894,.57
010/05/10T18:00:50,51.539171,-0.090804,.72
010/05/10T18:00:57,51.539086,-0.090735,.72
010/05/10T18:01:10,51.538965,-0.090561,.71
010/05/10T18:01:16,51.538908,-0.090417,.6
010/05/10T18:01:23,51.538849,-0.090257,.6
010/05/10T18:01:28,51.538791,-0.090134,.6
010/05/10T18:01:38,51.538686,-0.089921,.63
010/05/10T18:01:45,51.538615,-0.089754,.75
010/05/10T18:01:55,51.538533,-0.089626,.75
010/05/10T18:02:02,51.538454,-0.089536,.58
010/05/10T18:02:12,51.538359,-0.089440,.58
010/05/10T18:02:21,51.538277,-0.089360,.58
010/05/10T18:02:29,51.538182,-0.089264,.58
010/05/10T18:02:35,51.538103,-0.089151,.58
010/05/10T18:02:41,51.538016,-0.089006,.58
010/05/10T18:02:48,51.537919,-0.088841,.63
010/05/10T18:02:53,51.537845,-0.088705,.63
010/05/10T18:03:01,51.537780,-0.088530,.66
010/05/10T18:03:09,51.537726,-0.088348,.66
010/05/10T18:03:16,51.537719,-0.088271,.58
010/05/10T18:03:27,51.537675,-0.088082,.58
010/05/10T18:03:36,51.537645,-0.087895,.51
010/05/10T18:03:44,51.537618,-0.087739,.65
010/05/10T18:03:51,51.537596,-0.087562,.65
010/05/10T18:03:55,51.537573,-0.087421,.65
010/05/10T18:04:03,51.537528,-0.087163,.65
010/05/10T18:04:09,51.537494,-0.087001,.65
010/05/10T18:04:16,51.537432,-0.086814,.63
010/05/10T18:04:23,51.537348,-0.086740,.63
010/05/10T18:04:27,51.537331,-0.086732,.63
010/05/10T18:04:35,51.537243,-0.086692,.7
010/05/10T18:04:45,51.537232,-0.086548,.74
010/05/10T18:04:57,51.537100,-0.086407,.74
010/05/10T18:05:04,51.536994,-0.086362,.77
010/05/10T18:05:10,51.536897,-0.086345,.77
010/05/10T18:05:16,51.536804,-0.086367,.73
010/05/10T18:05:23,51.536669,-0.086399,.73
010/05/10T18:05:28,51.536577,-0.086413,.73
010/05/10T18:05:35,51.536481,-0.086430,.61
010/05/10T18:05:46,51.536348,-0.086446,.63
010/05/10T18:05:57,51.536255,-0.086395,.63
010/05/10T18:06:03,51.536172,-0.086275,.66
010/05/10T18:06:10,51.536103,-0.086154,.66
010/05/10T18:06:17,51.536065,-0.086013,.66
010/05/10T18:06:24,51.536061,-0.085862,.66
010/05/10T18:06:36,51.536076,-0.085619,.64
010/05/10T18:06:42,51.536067,-0.085465,.64
010/05/10T18:06:48,51.536052,-0.085297,.57
010/05/10T18:06:53,51.536039,-0.085152,.57
010/05/10T18:06:59,51.536040,-0.085001,.7
010/05/10T18:07:03,51.536041,-0.084942,.7
010/05/10T18:07:14,51.536035,-0.084794,.75
010/05/10T18:07:23,51.536037,-0.084630,.75
010/05/10T18:07:28,51.536068,-0.084472,.75
010/05/10T18:07:35,51.536094,-0.084243,.67
010/05/10T18:07:40,51.536093,-0.084096,.67
010/05/10T18:07:48,51.536064,-0.083911,.58
010/05/10T18:07:55,51.536024,-0.083764,.58
010/05/10T18:08:01,51.535982,-0.083635,.66
010/05/10T18:08:08,51.535929,-0.083477,.66
010/05/10T18:08:18,51.535879,-0.083349,.57
010/05/10T18:08:29,51.535798,-0.083181,.7
010/05/10T18:08:37,51.535741,-0.083039,.7
010/05/10T18:08:40,51.535741,-0.083039,.7
010/05/10T18:08:56,51.535623,-0.082782,.63
010/05/10T18:08:58,51.535623,-0.082782,.63
010/05/10T18:08:59,51.535548,-0.082698,.65
010/05/10T18:09:04,51.535466,-0.082613,.65
010/05/10T18:09:08,51.535388,-0.082535,.65
010/05/10T18:09:25,51.535246,-0.082419,.54
010/05/10T18:09:35,51.535240,-0.082415,.8
010/05/12T09:00:51,51.533616,-0.120940,.69
010/05/12T11:07:49,51.533616,-0.120940,.46
010/05/12T17:00:33,51.543288,-0.095612,.94
010/05/12T17:00:41,51.543152,-0.095554,.94
010/05/12T17:00:52,51.542972,-0.095456,.94
010/05/12T17:01:01,51.542848,-0.095361,.94
010/05/12T17:01:10,51.542713,-0.095268,.96
010/05/12T17:01:17,51.542583,-0.095186,.96
010/05/12T17:01:24,51.542436,-0.095104,.96
010/05/12T17:01:28,51.542301,-0.095028,.96
010/05/12T17:01:37,51.542171,-0.094899,.96
010/05/12T17:01:47,51.542044,-0.094794,.89
010/05/12T17:01:55,51.541918,-0.094689,.83
010/05/12T17:02:09,51.541748,-0.094584,.82
010/05/12T17:02:18,51.541603,-0.094485,.82
010/05/12T17:02:25,51.541431,-0.094308,.74
010/05/12T17:02:57,51.541302,-0.094382,.7
010/05/12T17:03:04,51.541245,-0.094361,.7
010/05/12T17:03:21,51.541208,-0.094130,.7
010/05/12T17:03:28,51.541185,-0.093973,.79
010/05/12T17:03:32,51.541109,-0.093768,.79
010/05/12T17:03:40,51.540999,-0.093478,.78
010/05/12T17:03:45,51.540923,-0.093293,.78
010/05/12T17:03:50,51.540827,-0.093118,.78
010/05/12T17:03:58,51.540725,-0.092951,.78
010/05/12T17:04:08,51.540620,-0.092761,.74
010/05/12T17:04:23,51.540484,-0.092736,.59
010/05/12T17:04:36,51.540374,-0.092554,.59
010/05/12T17:04:52,51.540241,-0.092359,.68
010/05/12T17:05:01,51.540134,-0.092203,.48
010/05/12T17:05:10,51.540018,-0.092036,.55
010/05/12T17:05:18,51.539913,-0.091869,.55
010/05/12T17:05:24,51.539819,-0.091704,.7
010/05/12T17:05:31,51.539721,-0.091541,.7
010/05/12T17:05:43,51.539581,-0.091454,.74
010/05/12T17:05:44,51.539565,-0.091441,.74
010/05/12T17:05:58,51.539447,-0.091215,.82
010/05/12T17:06:15,51.539317,-0.091084,.71
010/05/12T17:06:30,51.539153,-0.090842,.72
010/05/12T17:06:37,51.539021,-0.090593,.72
010/05/12T17:06:43,51.538941,-0.090429,.73
010/05/12T17:06:53,51.538850,-0.090265,.78
010/05/12T17:06:55,51.538839,-0.090248,.78
010/05/12T17:07:14,51.538696,-0.090052,.63
010/05/12T17:07:23,51.538576,-0.089915,.58
010/05/12T17:07:28,51.538395,-0.089657,.58
010/05/12T17:07:29,51.538395,-0.089657,.58
010/05/12T17:07:43,51.538243,-0.089487,.7
010/05/12T17:07:58,51.538119,-0.089257,.66
010/05/12T17:08:00,51.538119,-0.089257,.66
010/05/12T17:08:12,51.537980,-0.089237,.74
010/05/12T17:08:28,51.537920,-0.089043,.67
010/05/12T17:08:43,51.537888,-0.088747,.69
010/05/12T17:08:58,51.537872,-0.088443,.7
010/05/12T17:09:13,51.537829,-0.088136,.75
010/05/12T17:09:37,51.537791,-0.087682,.7
010/05/12T17:09:47,51.537552,-0.087324,.75
010/05/12T17:09:52,51.537465,-0.087160,.75
010/05/12T17:09:54,51.537366,-0.087009,.7
010/05/12T17:10:03,51.537270,-0.086813,.7
010/05/12T17:10:06,51.537268,-0.086722,.7
010/05/12T17:10:20,51.537107,-0.086609,.67
010/05/12T17:10:27,51.536975,-0.086656,.68
010/05/12T17:10:36,51.536832,-0.086632,.68
010/05/12T17:10:44,51.536693,-0.086609,.65
010/05/12T17:10:52,51.536562,-0.086553,.65
010/05/12T17:10:59,51.536431,-0.086434,.64
010/05/12T17:11:06,51.536329,-0.086316,.64
010/05/12T17:11:17,51.536180,-0.086330,.61
010/05/12T17:11:27,51.536083,-0.086493,.64
010/05/12T17:11:49,51.535996,-0.086314,.69
010/05/12T17:11:56,51.536010,-0.086090,.64
010/05/12T17:11:58,51.536013,-0.086076,.64
010/05/12T17:12:06,51.536039,-0.085845,.64
010/05/12T17:12:16,51.536105,-0.085624,.74
010/05/12T17:12:47,51.536138,-0.085126,.65
010/05/12T17:12:49,51.536139,-0.085063,.65
010/05/12T17:12:57,51.536140,-0.084796,.77
010/05/12T17:13:05,51.536144,-0.084535,.77
010/05/12T17:13:15,51.536121,-0.084301,.7
010/05/12T17:13:22,51.536088,-0.084059,.7
010/05/12T17:13:30,51.536031,-0.083822,.75
010/05/12T17:13:33,51.536010,-0.083759,.75
010/05/12T17:13:46,51.535943,-0.083570,.76
010/05/12T17:13:57,51.535875,-0.083357,.68
010/05/12T17:14:07,51.535823,-0.083202,.68
010/05/12T17:14:14,51.535744,-0.082925,.59
010/05/12T17:14:20,51.535680,-0.082733,.59
010/05/12T17:14:27,51.535583,-0.082590,.62
010/05/12T17:14:35,51.535428,-0.082508,.62
010/05/12T17:14:45,51.535260,-0.082485,.72
010/05/12T17:14:52,51.535123,-0.082496,.72
010/05/12T17:15:18,51.535057,-0.082286,.72
010/05/12T17:15:32,51.535058,-0.082065,.66
010/05/12T17:15:49,51.535058,-0.082065,.59
010/05/18T17:57:08,51.531816,-0.110357,1.05
010/05/18T17:57:19,51.531871,-0.110132,1.05
010/05/18T17:57:33,51.531930,-0.109899,1.05
010/05/18T17:57:43,51.531950,-0.109662,.85
010/05/18T17:57:52,51.531950,-0.109422,.85
010/05/18T17:58:14,51.531926,-0.109022,1.02
010/05/18T17:58:31,51.531916,-0.108581,.91
010/05/18T17:58:40,51.531915,-0.108286,.9
010/05/18T17:58:55,51.531924,-0.108038,.88
010/05/18T17:59:02,51.531946,-0.107810,.88
010/05/18T17:59:10,51.531970,-0.107589,.91
010/05/18T17:59:21,51.531985,-0.107346,.91
010/05/18T17:59:28,51.532002,-0.107117,.92
010/05/18T17:59:39,51.532025,-0.106871,.92
010/05/18T17:59:48,51.532052,-0.106643,.86
010/05/18T17:59:59,51.532060,-0.106409,1.13
010/05/18T18:00:13,51.531987,-0.106189,.94
010/05/18T18:00:25,51.531972,-0.106115,1.06
010/05/18T18:01:48,51.532021,-0.105910,1.01
010/05/18T18:02:04,51.531993,-0.105644,.9
010/05/18T18:02:12,51.531858,-0.105480,1.01
010/05/18T18:02:22,51.531735,-0.105329,1.01
010/05/18T18:02:35,51.531656,-0.105124,.93
010/05/18T18:02:44,51.531605,-0.104878,1.01
010/05/18T18:02:49,51.531556,-0.104729,1.01
010/05/18T18:03:00,51.531529,-0.104492,.93
010/05/18T18:03:12,51.531499,-0.103941,1
010/05/18T18:03:24,51.531501,-0.103662,1
010/05/18T18:03:35,51.531448,-0.103414,1.01
010/05/18T18:03:46,51.531408,-0.103229,.99
010/05/18T18:03:55,51.531368,-0.103013,.89
010/05/18T18:04:06,51.531334,-0.102770,.89
010/05/18T18:04:16,51.531301,-0.102545,.95
010/05/18T18:04:27,51.531242,-0.102334,1.02
010/05/18T18:04:29,51.531229,-0.102289,1.02
010/05/18T18:04:43,51.531177,-0.102071,.89
010/05/18T18:04:55,51.531106,-0.101748,.87
010/05/18T18:05:02,51.531064,-0.101507,.87
010/05/18T18:05:11,51.531005,-0.101296,.95
010/05/18T18:05:25,51.530895,-0.101031,.96
010/05/18T18:05:30,51.530843,-0.100901,.96
010/05/18T18:05:35,51.530777,-0.100705,.96
010/05/18T18:05:42,51.530695,-0.100521,.98
010/05/18T18:05:54,51.530618,-0.100316,.98
010/05/18T18:06:03,51.530567,-0.100111,.96
010/05/18T18:06:10,51.530506,-0.099907,.99
010/05/18T18:06:23,51.530440,-0.099643,.99
010/05/18T18:06:35,51.530413,-0.099430,.99
010/05/18T18:06:47,51.530376,-0.099219,.84
010/05/18T18:06:57,51.530308,-0.099000,.92
010/05/18T18:07:06,51.530243,-0.098798,.92
010/05/18T18:07:16,51.530165,-0.098581,.89
010/05/18T18:07:26,51.530105,-0.098386,.88
010/05/18T18:07:36,51.530051,-0.098165,.88
010/05/18T18:07:45,51.530020,-0.097930,1.07
010/05/18T18:07:47,51.530006,-0.097853,1.07
010/05/18T18:07:53,51.529964,-0.097638,1.07
010/05/18T18:08:01,51.529900,-0.097415,.95
010/05/18T18:08:21,51.529837,-0.097100,1.01
010/05/18T18:08:30,51.529788,-0.096883,1.09
010/05/18T18:08:41,51.529680,-0.096658,.99
010/05/18T18:08:43,51.529656,-0.096614,.99
010/05/18T18:08:54,51.529533,-0.096443,.99
010/05/18T18:09:07,51.529469,-0.096212,.93
010/05/18T18:09:13,51.529457,-0.096031,.95
010/05/18T18:09:22,51.529433,-0.095816,.95
010/05/18T18:09:25,51.529425,-0.095735,1.07
010/05/18T18:09:34,51.529395,-0.095522,1.07
010/05/18T18:09:49,51.529359,-0.095284,.99
010/05/18T18:10:00,51.529316,-0.094945,.98
010/05/18T18:10:07,51.529259,-0.094790,.98
010/05/18T18:10:15,51.529183,-0.094595,1.06
010/05/18T18:10:26,51.529108,-0.094362,1.05
010/05/18T18:10:37,51.529008,-0.094138,1.05
010/05/18T18:10:40,51.528993,-0.094099,.98
010/05/18T18:10:49,51.528942,-0.093857,.98
010/05/18T18:11:00,51.528899,-0.093597,1.06
010/05/18T18:11:11,51.528848,-0.093391,.94
010/05/18T18:11:19,51.528800,-0.093152,.94
010/05/18T18:11:28,51.528747,-0.092942,.99
010/05/18T18:11:36,51.528689,-0.092726,.99
010/05/18T18:11:45,51.528616,-0.092530,.97
010/05/18T18:11:56,51.528542,-0.092345,1.07
010/05/18T18:12:10,51.528512,-0.092053,.96
010/05/18T18:12:26,51.528520,-0.091925,1.01
010/05/18T18:12:34,51.528478,-0.091715,1.01
010/05/18T18:12:49,51.528351,-0.091480,.93
010/05/18T18:13:01,51.528271,-0.091286,.91
010/05/18T18:13:17,51.528155,-0.091005,.95
010/05/18T18:13:26,51.528104,-0.090789,.99
010/05/18T18:13:38,51.528038,-0.090464,.99
010/05/18T18:14:14,51.527877,-0.089993,.97
010/05/18T18:14:21,51.527752,-0.089593,.97
010/05/18T18:14:25,51.527726,-0.089432,.95
010/05/18T18:14:34,51.527658,-0.089131,.95
010/05/18T18:15:25,51.527791,-0.088749,.92
010/05/18T18:15:36,51.528073,-0.088623,.92
010/05/18T18:15:48,51.528354,-0.088563,.91
010/05/18T18:16:01,51.528619,-0.088442,.87
010/05/18T18:16:22,51.528880,-0.088235,.94
010/05/18T18:16:36,51.529067,-0.087870,.96
010/05/18T18:16:43,51.529308,-0.087634,.97
010/05/18T18:16:57,51.529446,-0.087512,.99
010/05/18T18:17:03,51.529454,-0.087469,.99
010/05/18T18:17:31,51.529566,-0.087048,.92
010/05/18T18:17:47,51.529716,-0.086685,1.01
010/05/18T18:18:07,51.529966,-0.086499,1.05
010/05/18T18:18:11,51.529966,-0.086499,1.03
010/05/18T18:18:19,51.530150,-0.086447,1.03
010/05/18T18:18:23,51.530181,-0.086444,1.03
010/05/18T18:18:40,51.530319,-0.086406,.83
010/05/18T18:18:48,51.530461,-0.086336,.83
010/05/18T18:18:50,51.530515,-0.086324,.83
010/05/18T18:18:53,51.530655,-0.086306,.83
010/05/18T18:18:59,51.530878,-0.086321,.98
010/05/18T18:19:04,51.531040,-0.086345,.98
010/05/18T18:19:13,51.531184,-0.086370,.91
010/05/18T18:19:25,51.531309,-0.086455,1.02
010/05/18T18:19:33,51.531458,-0.086529,1.02
010/05/18T18:19:34,51.531478,-0.086540,1.02
010/05/18T18:19:41,51.531608,-0.086635,.94
010/05/18T18:19:50,51.531746,-0.086732,.94
010/05/18T18:19:51,51.531753,-0.086739,.94
010/05/18T18:20:13,51.531882,-0.086831,.84
010/05/18T18:20:24,51.532063,-0.086922,.84
010/05/18T18:20:27,51.532132,-0.086946,1.01
010/05/18T18:20:37,51.532287,-0.086976,1.01
010/05/18T18:20:47,51.532432,-0.086950,.91
010/05/18T18:20:48,51.532432,-0.086950,.91
010/05/18T18:21:00,51.532601,-0.086994,.89
010/05/18T18:21:20,51.532825,-0.087061,.78
010/05/18T18:21:21,51.532825,-0.087061,.78
010/05/18T18:21:29,51.532965,-0.086963,.84
010/05/18T18:21:36,51.533078,-0.086806,.84
010/05/18T18:21:44,51.533172,-0.086639,.81
010/05/18T18:21:53,51.533261,-0.086460,.81
010/05/18T18:22:04,51.533282,-0.086236,.93
010/05/18T18:22:13,51.533280,-0.085996,.98
010/05/18T18:22:19,51.533248,-0.085851,.98
010/05/18T18:22:31,51.533219,-0.085631,.79
010/05/18T18:22:38,51.533210,-0.085409,.79
010/05/18T18:22:50,51.533203,-0.085190,.82
010/05/18T18:23:02,51.533198,-0.084986,.87
010/05/18T18:23:06,51.533187,-0.084754,.87
010/05/18T18:23:14,51.533171,-0.084527,1.04
010/05/18T18:23:22,51.533149,-0.084312,1.04
010/05/18T18:23:32,51.533142,-0.084081,.92
010/05/18T18:23:46,51.533143,-0.083863,.99
010/05/18T18:24:04,51.533220,-0.083472,.95
010/05/18T18:24:06,51.533225,-0.083435,.95
010/05/18T18:24:15,51.533282,-0.083219,1.04
010/05/18T18:24:15,51.533291,-0.083208,1.04
010/05/18T18:24:30,51.533484,-0.083059,.98
010/05/18T18:24:36,51.533600,-0.083018,.98
010/05/18T18:24:42,51.533744,-0.082985,.98
010/05/18T18:24:53,51.533881,-0.082976,.98
010/05/18T18:25:03,51.533956,-0.082973,1.11
010/05/18T18:25:12,51.534096,-0.082966,1.05
010/05/18T18:25:20,51.534231,-0.082938,1.05
010/05/18T18:25:29,51.534378,-0.082922,1.17
010/05/18T18:25:36,51.534521,-0.082924,1.17
010/05/18T18:25:43,51.534660,-0.082924,1.14
010/05/18T18:25:56,51.534810,-0.082917,1.22
010/05/18T18:26:06,51.534958,-0.082870,1.22
010/05/18T18:26:18,51.535053,-0.082646,1.19
010/05/20T08:07:35,51.531644,-0.111036,5.83
010/05/20T08:08:14,51.531668,-0.111263,6.12
010/05/20T08:08:21,51.531656,-0.111502,6.12
010/05/20T08:08:29,51.531618,-0.111731,5.86
010/05/20T08:08:40,51.531568,-0.111946,5.37
010/05/20T08:08:54,51.531525,-0.112158,5.37
010/05/20T08:09:09,51.531471,-0.112392,4.84
010/05/20T08:09:22,51.531440,-0.112615,4.98
010/05/20T08:09:24,51.531431,-0.112683,4.98
010/05/20T08:09:30,51.531411,-0.112901,4.92
010/05/20T08:09:37,51.531402,-0.113136,4.92
010/05/20T08:09:52,51.531389,-0.113467,4.25
010/05/20T08:10:01,51.531384,-0.113540,4.08
010/05/20T08:10:14,51.531338,-0.113824,3.95
010/05/20T08:10:25,51.531295,-0.113986,3.85
010/05/20T08:10:50,51.531294,-0.114210,3.49
010/05/20T08:10:51,51.531299,-0.114224,3.49
010/05/20T08:11:04,51.531356,-0.114512,3.8
010/05/20T08:11:17,51.531360,-0.114759,3.52
010/05/20T08:11:30,51.531358,-0.114990,3.69
010/05/20T08:11:37,51.531329,-0.115219,3.69
010/05/20T08:11:48,51.531302,-0.115433,3.42
010/05/20T08:11:57,51.531276,-0.115704,3.45
010/05/20T08:12:10,51.531243,-0.115987,3.18
010/05/20T08:12:18,51.531229,-0.116296,3.18
010/05/20T08:12:23,51.531219,-0.116529,3.18
010/05/20T08:12:28,51.531193,-0.116766,3.4
010/05/20T08:12:33,51.531185,-0.117027,3.4
010/05/20T08:12:45,51.531177,-0.117212,3.27
010/05/20T08:13:02,51.531125,-0.117450,2.81
010/05/20T08:13:14,51.531092,-0.117686,3.04
010/05/20T08:13:23,51.531077,-0.117954,3.04
010/05/20T08:13:41,51.531107,-0.118395,3.37
010/05/20T08:13:48,51.531124,-0.118570,3.37
010/05/20T08:14:01,51.531165,-0.118852,3.17
010/05/20T08:14:08,51.531170,-0.119072,3.17
010/05/20T08:14:18,51.531110,-0.119280,3.25
010/05/20T08:14:23,51.531094,-0.119351,3.25
010/05/20T08:14:33,51.531013,-0.119541,2.8
010/05/20T08:14:41,51.530933,-0.119771,2.83
010/05/20T08:14:49,51.530846,-0.119972,2.83
010/05/20T08:15:01,51.530817,-0.120212,3.21
010/05/20T08:15:33,51.530765,-0.120811,3.12
010/05/20T08:15:41,51.530782,-0.120972,3.3
010/05/20T08:15:54,51.530801,-0.121279,3.3
010/05/20T08:15:59,51.530802,-0.121335,2.94
010/05/20T08:16:06,51.530839,-0.121622,2.94
010/05/20T08:16:37,51.530818,-0.122109,2.99
010/05/20T08:16:46,51.530818,-0.122118,2.95
010/05/20T08:17:17,51.530760,-0.122330,2.8
010/05/20T08:17:48,51.530743,-0.122556,2.72
010/05/20T08:17:48,51.530746,-0.122566,2.72
010/05/20T08:18:38,51.531007,-0.122414,2.88
010/05/20T08:18:52,51.531278,-0.122352,2.64
010/05/20T08:19:17,51.531548,-0.122296,2.63
010/05/20T08:19:48,51.532005,-0.122182,2.69
010/05/20T08:19:51,51.532005,-0.122182,2.69
010/05/20T08:20:06,51.532288,-0.122198,2.8
010/05/20T08:20:23,51.532564,-0.122219,2.82
010/05/20T08:20:26,51.532564,-0.122219,2.83
010/05/20T08:20:33,51.532848,-0.122246,2.83
010/05/20T08:20:38,51.533054,-0.122276,2.83
010/05/20T08:20:48,51.533190,-0.122386,2.62
010/05/20T08:20:57,51.533343,-0.122398,2.62
010/05/20T08:20:58,51.533347,-0.122400,2.62
010/05/20T08:21:17,51.533546,-0.122457,2.62
010/05/20T08:21:24,51.533688,-0.122382,2.62
010/05/20T08:21:31,51.533818,-0.122320,2.71
010/05/20T08:21:38,51.533960,-0.122261,2.71
010/05/20T08:21:47,51.534098,-0.122214,2.76
010/05/20T18:03:27,51.534719,-0.122346,1.13
010/05/20T18:03:28,51.534719,-0.122346,1.13
010/05/20T18:03:45,51.534194,-0.122201,1.08
010/05/20T18:04:09,51.534085,-0.122305,1.07
010/05/20T18:04:18,51.533940,-0.122295,1.19
010/05/20T18:04:23,51.533857,-0.122294,1.19
010/05/20T18:04:32,51.533715,-0.122301,1.09
010/05/20T18:04:34,51.533695,-0.122302,1.09
010/05/20T18:04:43,51.533562,-0.122230,1.13
010/05/20T18:05:04,51.533500,-0.121937,1.11
010/05/20T18:05:25,51.533484,-0.121360,1.12
010/05/20T18:05:42,51.533479,-0.121020,1.02
010/05/20T18:05:52,51.533485,-0.120773,1.02
010/05/20T18:06:12,51.533469,-0.120318,1.06
010/05/20T18:06:35,51.533460,-0.119714,1.08
010/05/20T18:06:49,51.533466,-0.119434,.93
010/05/20T18:07:01,51.533468,-0.119176,1.03
010/05/20T18:07:06,51.533464,-0.119049,1.03
010/05/20T18:07:16,51.533411,-0.118838,.97
010/05/20T18:07:51,51.533154,-0.119144,.96
010/05/20T18:08:15,51.532941,-0.119422,1.07
010/05/20T18:08:21,51.532879,-0.119493,1.07
010/05/20T18:08:45,51.532677,-0.119863,.97
010/05/20T18:09:04,51.532496,-0.120167,.94
010/05/20T18:09:13,51.532335,-0.120371,.96
010/05/20T18:09:16,51.532335,-0.120371,.96
010/05/20T18:09:22,51.532136,-0.120542,.96
010/05/20T18:09:31,51.531983,-0.120672,.95
010/05/20T18:09:37,51.531845,-0.120743,.95
010/05/20T18:09:43,51.531705,-0.120808,1.04
010/05/20T18:09:50,51.531504,-0.120891,1.04
010/05/20T18:09:57,51.531375,-0.120923,.94
010/05/20T18:10:04,51.531240,-0.120951,.94
010/05/20T18:10:12,51.531096,-0.120983,.83
010/05/20T18:10:23,51.530924,-0.121016,.83
010/05/20T18:10:26,51.530916,-0.121005,1.01
010/05/20T18:10:36,51.530828,-0.120732,1.01
010/05/20T18:10:48,51.530792,-0.120477,.95
010/05/20T18:10:53,51.530794,-0.120342,.95
010/05/20T18:11:00,51.530796,-0.120113,.99
010/05/20T18:11:28,51.530835,-0.119701,.92
010/05/20T18:11:36,51.530880,-0.119450,.92
010/05/20T18:11:38,51.530885,-0.119430,.92
010/05/20T18:11:49,51.530964,-0.119082,.99
010/05/20T18:12:03,51.531044,-0.118648,.84
010/05/20T18:12:10,51.531096,-0.118434,.77
010/05/20T18:12:29,51.531170,-0.117931,.83
010/05/20T18:12:38,51.531166,-0.117702,.83
010/05/20T18:12:52,51.531091,-0.117431,.85
010/05/20T18:12:58,51.531111,-0.117314,.93
010/05/20T18:13:05,51.531132,-0.117070,.93
010/05/20T18:13:14,51.531104,-0.116929,.87
010/05/20T18:13:27,51.531082,-0.116696,.94
010/05/20T18:13:35,51.531098,-0.116442,.94
010/05/20T18:13:42,51.531112,-0.116221,.87
010/05/20T18:13:49,51.531132,-0.115998,.87
010/05/20T18:13:56,51.531183,-0.115832,.83
010/05/20T18:14:05,51.531230,-0.115615,.83
010/05/20T18:14:13,51.531276,-0.115360,.84
010/05/20T18:14:24,51.531318,-0.115146,.84
010/05/20T18:14:32,51.531350,-0.114936,.79
010/05/20T18:14:43,51.531365,-0.114684,.71
010/05/20T18:14:50,51.531404,-0.114467,.71
010/05/20T18:14:59,51.531440,-0.114242,.89
010/05/20T18:15:08,51.531467,-0.114028,.89
010/05/20T18:15:21,51.531485,-0.113716,.95
010/05/20T18:15:33,51.531475,-0.113483,.84
010/05/20T18:15:45,51.531475,-0.113210,.82
010/05/20T18:15:57,51.531504,-0.112995,.8
010/05/20T18:16:02,51.531504,-0.112923,.8
010/05/20T18:16:15,51.531529,-0.112637,.73
010/05/20T18:16:23,51.531509,-0.112412,.73
010/05/20T18:16:32,51.531478,-0.112193,.82
010/05/20T18:16:42,51.531436,-0.111984,.76
010/05/20T18:16:50,51.531455,-0.111833,.76
010/05/20T18:17:00,51.531487,-0.111588,.71
010/05/20T18:17:01,51.531490,-0.111572,.71
010/05/20T18:17:23,51.531594,-0.111316,.73
010/05/20T18:18:08,51.531710,-0.111194,.7
010/05/20T18:18:10,51.531717,-0.111175,.7
010/05/20T18:18:20,51.531740,-0.110957,.7
010/05/20T18:18:31,51.531772,-0.110687,.8
010/05/20T18:18:41,51.531785,-0.110467,.78
010/05/20T18:18:55,51.531833,-0.110200,.75
010/05/20T18:18:56,51.531835,-0.110186,.75
010/05/20T18:19:11,51.531859,-0.109901,.76
010/05/20T18:19:20,51.531876,-0.109634,.76
010/05/20T18:19:27,51.531920,-0.109421,.62
010/05/20T18:19:34,51.531935,-0.109288,.62
010/05/20T18:19:50,51.531947,-0.108976,.83
010/05/20T18:19:56,51.531951,-0.108806,.73
010/05/20T18:20:07,51.531964,-0.108573,.73
010/05/20T18:20:17,51.531966,-0.108317,.81
010/05/20T18:20:27,51.531963,-0.108087,.68
010/05/20T18:20:33,51.531962,-0.107859,.68
010/05/20T18:20:40,51.531975,-0.107641,.79
010/05/20T18:20:49,51.531988,-0.107411,.79
010/05/20T18:21:06,51.532023,-0.107089,.77
010/05/20T18:21:15,51.532033,-0.106872,.7
010/05/20T18:21:25,51.532037,-0.106638,.79
010/05/20T18:21:26,51.532038,-0.106624,.79
010/05/20T18:21:54,51.531988,-0.106304,.83
010/05/20T18:22:00,51.531986,-0.106298,.69
010/05/20T18:22:20,51.531913,-0.106106,.69
010/05/20T18:22:21,51.531909,-0.106096,.69
010/05/20T18:22:55,51.531879,-0.105869,.72
010/05/20T18:23:00,51.531849,-0.105830,.72
010/05/20T18:23:07,51.531740,-0.105652,.72
010/05/20T18:23:14,51.531646,-0.105477,.65
010/05/20T18:23:16,51.531646,-0.105477,.65
010/05/20T18:23:23,51.531524,-0.105274,.65
010/05/20T18:23:37,51.531452,-0.104940,.73
010/05/20T18:23:40,51.531447,-0.104710,.59
010/05/20T18:23:48,51.531407,-0.104502,.59
010/05/20T18:24:02,51.531369,-0.104197,.75
010/05/20T18:24:13,51.531318,-0.103931,.77
010/05/20T18:24:27,51.531223,-0.103560,.65
010/05/20T18:24:38,51.531211,-0.103337,.65
010/05/20T18:24:43,51.531207,-0.103266,.64
010/05/20T18:24:49,51.531165,-0.103043,.64
010/05/20T18:25:04,51.531086,-0.102763,.71
010/05/20T18:25:15,51.531036,-0.102516,.67
010/05/20T18:25:25,51.530983,-0.102245,.72
010/05/20T18:25:26,51.530971,-0.102200,.72
010/05/20T18:25:32,51.530883,-0.102022,.72
010/05/20T18:26:01,51.530779,-0.101875,.58
010/05/20T18:26:34,51.530724,-0.101638,.65
010/05/20T18:26:42,51.530711,-0.101457,.7
010/05/20T18:26:52,51.530697,-0.101232,.7
010/05/20T18:27:04,51.530650,-0.100942,.72
010/05/20T18:27:15,51.530582,-0.100805,.76
010/05/20T18:27:23,51.530526,-0.100600,.76
010/05/20T18:27:31,51.530466,-0.100316,.7
010/05/20T18:27:38,51.530413,-0.100066,.7
010/05/20T18:27:48,51.530339,-0.099870,.67
010/05/20T18:27:58,51.530275,-0.099661,.76
010/05/20T18:28:08,51.530203,-0.099440,.76
010/05/20T18:28:18,51.530167,-0.099188,.72
010/05/20T18:28:29,51.530124,-0.098967,.67
010/05/20T18:28:36,51.530067,-0.098747,.67
010/05/20T18:28:45,51.529982,-0.098550,.72
010/05/20T18:28:53,51.529877,-0.098354,.72
010/05/20T18:29:02,51.529801,-0.098155,.66
010/05/20T18:29:11,51.529732,-0.097954,.63
010/05/20T18:29:20,51.529689,-0.097738,.63
010/05/20T18:29:28,51.529635,-0.097537,.67
010/05/20T18:29:37,51.529593,-0.097324,.67
010/05/20T18:29:45,51.529556,-0.097113,.67
010/05/20T18:29:54,51.529521,-0.096902,.67
010/05/20T18:30:06,51.529450,-0.096654,.67
010/05/20T18:30:18,51.529384,-0.096459,.73
010/05/20T18:30:24,51.529327,-0.096248,.73
010/05/20T18:30:32,51.529272,-0.096043,.65
010/05/20T18:30:39,51.529213,-0.095841,.65
010/05/20T18:30:48,51.529161,-0.095624,.64
010/05/20T18:30:58,51.529111,-0.095412,.66
010/05/20T18:31:06,51.529077,-0.095198,.66
010/05/20T18:31:15,51.529029,-0.094992,.66
010/05/20T18:31:25,51.528981,-0.094758,.69
010/05/20T18:31:34,51.528959,-0.094534,.69
010/05/20T18:31:39,51.528956,-0.094455,.69
010/05/20T18:31:49,51.528934,-0.094150,.75
010/05/20T18:31:59,51.528920,-0.093932,.69
010/05/20T18:32:06,51.528864,-0.093790,.69
010/05/20T18:32:19,51.528788,-0.093559,.74
010/05/20T18:32:40,51.528680,-0.093214,.73
010/05/20T18:32:48,51.528609,-0.093016,.73
010/05/20T18:32:51,51.528553,-0.092894,.73
010/05/20T18:32:56,51.528471,-0.092716,.68
010/05/20T18:33:06,51.528389,-0.092509,.68
010/05/20T18:33:16,51.528328,-0.092295,.66
010/05/20T18:33:20,51.528325,-0.092196,.66
010/05/20T18:33:30,51.528314,-0.091956,.67
010/05/20T18:33:42,51.528311,-0.091707,.61
010/05/20T18:33:59,51.528301,-0.091448,.67
010/05/20T18:34:05,51.528296,-0.091211,.67
010/05/20T18:34:14,51.528266,-0.090993,.75
010/05/20T18:34:20,51.528218,-0.090720,.75
010/05/20T18:34:26,51.528198,-0.090425,.63
010/05/20T18:34:30,51.528196,-0.090401,.63
010/05/20T18:34:38,51.528162,-0.090079,.63
010/05/20T18:34:39,51.528162,-0.090079,.63
010/05/20T18:34:54,51.528088,-0.089825,.7
010/05/20T18:34:56,51.528073,-0.089789,.65
010/05/20T18:35:09,51.527963,-0.089499,.65
010/05/20T18:35:15,51.527888,-0.089395,.61
010/05/20T18:35:42,51.527726,-0.088999,.65
010/05/20T18:35:54,51.527673,-0.088846,.65
010/05/20T18:36:42,51.527935,-0.088743,.65
010/05/20T18:36:51,51.528100,-0.088699,.65
010/05/20T18:37:01,51.528254,-0.088667,.72
010/05/20T18:37:06,51.528308,-0.088670,.72
010/05/20T18:37:16,51.528501,-0.088650,.7
010/05/20T18:37:28,51.528753,-0.088536,.66
010/05/20T18:37:32,51.528769,-0.088522,.66
010/05/20T18:37:40,51.528924,-0.088336,.7
010/05/20T18:38:07,51.529074,-0.087965,.7
010/05/20T18:38:23,51.529191,-0.087662,.65
010/05/20T18:38:25,51.529185,-0.087624,.7
010/05/20T18:38:37,51.529110,-0.087438,.7
010/05/20T18:38:47,51.529251,-0.087365,.61
010/05/20T18:38:52,51.529381,-0.087258,.61
010/05/20T18:38:59,51.529513,-0.087097,.65
010/05/20T18:39:00,51.529513,-0.087097,.65
010/05/20T18:39:11,51.529636,-0.086968,.68
010/05/20T18:39:49,51.529854,-0.086704,.58
010/05/20T18:40:01,51.530020,-0.086534,.68
010/05/20T18:40:19,51.530387,-0.086329,.7
010/05/20T18:40:30,51.530619,-0.086337,.58
010/05/20T18:40:36,51.530735,-0.086322,.58
010/05/20T18:40:43,51.530897,-0.086311,.67
010/05/20T18:40:52,51.531071,-0.086217,.67
010/05/20T18:40:54,51.531081,-0.086210,.67
010/05/20T18:41:06,51.531226,-0.086162,.72
010/05/20T18:41:14,51.531364,-0.086220,.59
010/05/20T18:41:22,51.531500,-0.086286,.59
010/05/20T18:41:22,51.531507,-0.086293,.59
010/05/20T18:41:32,51.531631,-0.086413,.68
010/05/20T18:41:40,51.531756,-0.086525,.7
010/05/20T18:41:44,51.531812,-0.086573,.7
010/05/20T18:41:55,51.531935,-0.086673,.62
010/05/20T18:42:04,51.532062,-0.086753,.62
010/05/20T18:42:14,51.532224,-0.086851,.58
010/05/20T18:42:28,51.532438,-0.086953,.62
010/05/20T18:42:39,51.532573,-0.087055,.62
010/05/20T18:42:43,51.532668,-0.087144,.67
010/05/20T18:42:49,51.532805,-0.087197,.67
010/05/20T18:42:56,51.532938,-0.087112,.66
010/05/20T18:43:06,51.533093,-0.086901,.66
010/05/20T18:43:08,51.533110,-0.086861,.66
010/05/20T18:43:20,51.533195,-0.086528,.69
010/05/20T18:43:22,51.533204,-0.086505,.69
010/05/20T18:43:34,51.533149,-0.086275,.61
010/05/20T18:43:43,51.533128,-0.086044,.67
010/05/20T18:43:54,51.533128,-0.085789,.67
010/05/20T18:44:04,51.533145,-0.085544,.6
010/05/20T18:44:17,51.533147,-0.085242,.71
010/05/20T18:44:29,51.533153,-0.085022,.69
010/05/20T18:44:33,51.533156,-0.084917,.69
010/05/20T18:44:42,51.533159,-0.084561,.67
010/05/20T18:44:55,51.533150,-0.084203,.71
010/05/20T18:45:04,51.533138,-0.083949,.71
010/05/20T18:45:14,51.533132,-0.083700,.76
010/05/20T18:45:22,51.533130,-0.083464,.76
010/05/20T18:45:30,51.533155,-0.083237,.59
010/05/20T18:45:33,51.533161,-0.083145,.59
010/05/20T18:45:53,51.533261,-0.082938,.7
010/05/20T18:46:13,51.533468,-0.082957,.64
010/05/20T18:46:20,51.533608,-0.082951,.64
010/05/20T18:46:22,51.533637,-0.082951,.64
010/05/20T18:46:28,51.533775,-0.082928,.64
010/05/20T18:46:35,51.533923,-0.082883,.64
010/05/20T18:46:44,51.534077,-0.082858,.67
010/05/20T18:46:45,51.534101,-0.082854,.67
010/05/20T18:46:59,51.534300,-0.082809,.73
010/05/20T18:47:08,51.534436,-0.082802,.73
010/05/20T18:47:20,51.534599,-0.082848,.75
010/05/20T18:47:21,51.534599,-0.082848,.75
010/05/20T18:47:31,51.534750,-0.082857,.6
010/05/20T18:47:47,51.534963,-0.082689,.54
010/05/20T18:48:06,51.535030,-0.082410,.69
010/05/24T17:14:21,51.535341,-0.117100,2.76
010/05/24T17:14:21,51.535341,-0.117100,2.76
010/05/24T17:14:24,51.535341,-0.117100,2.76
010/05/24T17:14:25,51.535341,-0.117100,2.76
010/05/24T17:14:25,51.535341,-0.117100,2.76
010/05/24T17:14:26,51.535341,-0.117100,2.76
010/05/24T17:14:26,51.535341,-0.117100,2.76
010/05/24T17:14:27,51.535341,-0.117100,2.76
010/05/24T17:14:29,51.535341,-0.117100,2.76
010/05/24T17:14:29,51.535341,-0.117100,2.76
010/05/24T17:14:30,51.535919,-0.116617,2.76
010/05/24T17:14:30,51.535919,-0.116617,2.76
010/05/24T17:14:31,51.535919,-0.116617,2.76
010/05/24T17:14:32,51.535919,-0.116617,2.76
010/05/24T17:14:55,51.536351,-0.116511,2.76
010/05/24T17:15:04,51.536366,-0.116509,2.76
010/05/24T17:15:07,51.536512,-0.116508,2.76
010/05/24T17:15:19,51.536658,-0.116510,2.76
010/05/24T17:15:37,51.536816,-0.116486,2.76
010/05/24T17:15:45,51.536844,-0.116467,2.76
010/05/24T17:16:00,51.536935,-0.116269,2.76
010/05/24T17:16:24,51.536954,-0.116009,2.76
010/05/24T17:16:33,51.536939,-0.115764,2.76
010/05/24T17:16:36,51.536935,-0.115682,2.76
010/05/24T17:16:46,51.536911,-0.115455,2.76
010/05/24T17:16:52,51.536892,-0.115378,2.76
010/05/24T17:17:05,51.536812,-0.115153,2.76
010/05/24T17:17:20,51.536718,-0.114979,2.76
010/05/24T17:17:37,51.536674,-0.114603,2.76
010/05/24T17:17:39,51.536669,-0.114529,2.76
010/05/24T17:17:52,51.536638,-0.114286,2.76
010/05/24T17:18:07,51.536702,-0.114071,2.76
010/05/24T17:18:17,51.536827,-0.113990,2.76
010/05/24T17:18:19,51.536858,-0.113980,2.76
010/05/24T17:18:30,51.536999,-0.113959,2.76
010/05/24T17:18:43,51.537164,-0.113930,2.76
010/05/24T17:18:52,51.537323,-0.113855,2.76
010/05/24T17:19:02,51.537463,-0.113794,2.76
010/05/24T17:19:14,51.537619,-0.113754,2.76
010/05/24T17:19:28,51.537779,-0.113728,2.76
010/05/24T17:19:39,51.537918,-0.113716,2.76
010/05/24T17:19:51,51.538053,-0.113685,2.76
010/05/24T17:20:04,51.538196,-0.113642,2.76
010/05/24T17:20:20,51.538337,-0.113592,2.76
010/05/24T17:20:40,51.538499,-0.113604,2.76
010/05/24T17:21:05,51.538641,-0.113635,2.76
010/05/24T17:22:00,51.538778,-0.113667,2.76
010/05/24T17:22:13,51.538917,-0.113694,2.76
010/05/24T17:22:32,51.539067,-0.113634,2.76
010/05/24T17:22:47,51.539206,-0.113642,2.76
010/05/24T17:22:59,51.539344,-0.113699,2.76
010/05/24T17:23:10,51.539483,-0.113773,2.76
010/05/24T17:23:27,51.539667,-0.113806,2.76
010/05/24T17:23:56,51.539971,-0.113713,2.76
010/05/24T17:24:13,51.540242,-0.113659,2.76
010/05/24T17:24:35,51.540502,-0.113532,2.76
010/05/24T17:24:47,51.540639,-0.113420,2.76
010/05/24T17:24:49,51.540665,-0.113395,2.76
010/05/24T17:24:59,51.540756,-0.113212,2.76
010/05/24T17:25:13,51.540799,-0.112997,2.76
010/05/24T17:25:33,51.540782,-0.112770,2.76
010/05/24T17:25:52,51.540893,-0.112602,2.76
010/05/24T17:26:25,51.541167,-0.112373,2.76
010/05/24T17:26:39,51.541417,-0.112176,2.76
010/05/24T17:26:57,51.541573,-0.111899,2.76
010/05/24T17:27:24,51.541645,-0.111448,2.76
010/05/24T17:27:54,51.541643,-0.111010,2.76
010/05/24T17:28:20,51.541604,-0.110581,2.76
010/05/24T17:28:40,51.541674,-0.110130,2.76
010/05/24T17:28:51,51.541823,-0.110022,2.76
010/05/24T17:28:58,51.541966,-0.110047,2.76
010/05/24T17:29:15,51.542195,-0.109975,2.76
010/05/24T17:29:31,51.542269,-0.109794,2.76
010/05/24T17:29:36,51.542290,-0.109701,2.76
010/05/24T17:30:06,51.542314,-0.109341,2.76
010/05/24T17:30:17,51.542320,-0.109085,2.76
010/05/24T17:30:27,51.542345,-0.108845,2.76
010/05/24T17:30:35,51.542373,-0.108604,2.76
010/05/24T17:30:44,51.542415,-0.108392,2.76
010/05/24T17:31:12,51.542514,-0.107669,2.76
010/05/24T17:31:13,51.542516,-0.107651,2.76
010/05/24T17:31:16,51.542516,-0.107651,2.76
010/05/24T17:31:16,51.542516,-0.107651,2.76
010/05/24T17:31:16,51.542516,-0.107651,2.76
010/05/24T17:31:17,51.542516,-0.107651,2.76
010/05/24T17:31:21,51.542544,-0.107540,2.76
010/05/24T17:31:21,51.542544,-0.107540,2.76
010/05/24T17:31:33,51.542609,-0.107262,2.76
010/05/24T17:31:55,51.542708,-0.106827,2.76
010/05/24T17:32:18,51.542822,-0.106611,2.76
010/05/24T17:32:25,51.542842,-0.106523,2.76
010/05/24T17:33:04,51.542999,-0.105931,2.76
010/05/24T17:33:19,51.543023,-0.105494,2.76
010/05/24T17:33:31,51.543046,-0.105150,2.76
010/05/24T17:33:41,51.543030,-0.104873,2.76
010/05/24T17:33:54,51.542994,-0.104659,2.76
010/05/24T17:34:09,51.542974,-0.104429,2.76
010/05/24T17:34:29,51.542974,-0.104093,2.76
010/05/24T17:34:42,51.543008,-0.103851,2.76
010/05/24T17:34:57,51.543053,-0.103634,2.76
010/05/24T17:35:27,51.543164,-0.103391,2.76
010/05/24T17:36:07,51.543237,-0.102750,2.76
010/05/24T17:36:27,51.543270,-0.102313,2.76
010/05/24T17:36:55,51.543264,-0.101878,2.76
010/05/24T17:37:22,51.543560,-0.101471,2.76
010/05/24T17:37:33,51.543662,-0.101309,2.76
010/05/24T17:37:51,51.543731,-0.100974,2.76
010/05/24T17:38:10,51.543770,-0.100648,2.76
010/05/24T17:38:27,51.543840,-0.100291,2.76
010/05/24T17:38:32,51.543870,-0.100173,2.76
010/05/24T17:38:40,51.543925,-0.099952,2.76
010/05/24T17:38:49,51.543991,-0.099724,2.76
010/05/24T17:39:20,51.544119,-0.099238,2.76
010/05/24T17:39:37,51.544304,-0.098911,2.76
010/05/24T17:39:59,51.544407,-0.098506,2.76
010/05/24T17:40:10,51.544459,-0.098233,2.76
010/05/24T17:40:14,51.544463,-0.098212,2.76
010/05/24T17:40:19,51.544528,-0.098010,2.76
010/05/24T17:40:34,51.544609,-0.097686,2.76
010/05/24T17:40:35,51.544609,-0.097686,2.76
010/05/24T17:40:47,51.544557,-0.097458,2.76
010/05/24T17:41:00,51.544444,-0.097328,2.76
010/05/24T17:41:26,51.544192,-0.097268,2.76
010/05/24T17:41:43,51.543920,-0.097233,2.76
010/05/24T17:41:53,51.543758,-0.097194,2.76
010/05/24T17:42:21,51.543457,-0.097098,2.76
010/05/24T17:42:40,51.543289,-0.097078,2.76
010/05/24T17:43:03,51.543039,-0.096871,2.76
010/05/24T17:43:10,51.543080,-0.096769,2.76
010/05/24T17:43:20,51.543182,-0.096620,2.76
010/05/24T17:43:33,51.543278,-0.096467,2.76
010/05/24T17:43:50,51.543365,-0.096249,2.76
010/05/24T17:44:07,51.543313,-0.095796,2.76
010/05/24T17:44:14,51.543244,-0.095701,2.76
010/05/24T17:44:25,51.543124,-0.095591,2.76
010/05/24T17:44:35,51.543005,-0.095488,2.76
010/05/24T17:44:49,51.542828,-0.095347,2.76
010/05/24T17:45:08,51.542556,-0.095233,2.76
010/05/24T17:45:39,51.542303,-0.095064,2.76
010/05/24T17:46:19,51.542060,-0.094815,2.76
010/05/24T17:46:34,51.541922,-0.094673,2.76
010/05/24T17:46:39,51.541866,-0.094629,2.76
010/05/24T17:46:42,51.541713,-0.094522,2.76
010/05/24T17:46:52,51.541549,-0.094396,2.76
010/05/24T17:47:00,51.541440,-0.094246,2.76
010/05/24T17:47:10,51.541346,-0.094060,2.76
010/05/24T17:47:18,51.541246,-0.093892,2.76
010/05/24T17:47:28,51.541142,-0.093741,2.76
010/05/24T17:47:36,51.541017,-0.093644,2.76
010/05/24T17:47:45,51.540891,-0.093552,2.76
010/05/24T17:47:59,51.540821,-0.093334,2.76
010/05/24T17:48:04,51.540791,-0.093240,2.76
010/05/24T17:48:14,51.540699,-0.093050,2.76
010/05/24T17:48:24,51.540593,-0.092888,2.76
010/05/24T17:48:49,51.540449,-0.092682,2.76
010/05/24T17:49:05,51.540264,-0.092514,2.76
010/05/24T17:49:08,51.540236,-0.092492,2.76
010/05/24T17:49:15,51.540072,-0.092316,2.76
010/05/24T17:49:27,51.539943,-0.092133,2.76
010/05/24T17:49:38,51.539809,-0.092004,2.76
010/05/24T17:49:49,51.539665,-0.091826,2.76
010/05/24T17:49:58,51.539562,-0.091639,2.76
010/05/24T17:50:05,51.539484,-0.091459,2.76
010/05/24T17:50:14,51.539396,-0.091274,2.76
010/05/24T17:50:16,51.539380,-0.091220,2.76
010/05/24T17:50:26,51.539319,-0.091000,2.76
010/05/24T17:50:37,51.539230,-0.090828,2.76
010/05/24T17:50:48,51.539123,-0.090694,2.76
010/05/24T17:51:04,51.539050,-0.090500,2.76
010/05/24T17:51:06,51.539040,-0.090460,2.76
010/05/24T17:51:16,51.538960,-0.090285,2.76
010/05/24T17:51:29,51.538836,-0.090151,2.76
010/05/24T17:51:40,51.538729,-0.090016,2.76
010/05/24T17:52:01,51.538608,-0.089798,2.76
010/05/24T17:52:03,51.538602,-0.089785,2.76
010/05/24T17:52:11,51.538476,-0.089627,2.76
010/05/24T17:52:22,51.538305,-0.089463,2.76
010/05/24T17:52:32,51.538184,-0.089276,2.76
010/05/24T17:52:42,51.538062,-0.089171,2.76
010/05/24T17:52:52,51.537963,-0.088999,2.76
010/05/24T17:53:02,51.537883,-0.088811,2.76
010/05/24T17:53:12,51.537793,-0.088642,2.76
010/05/24T17:53:23,51.537692,-0.088487,2.76
010/05/24T17:53:34,51.537593,-0.088326,2.76
010/05/24T17:53:40,51.537565,-0.088221,2.76
010/05/24T17:53:50,51.537513,-0.088003,2.76
010/05/24T17:53:59,51.537460,-0.087803,2.76
010/05/24T17:54:04,51.537451,-0.087706,2.76
010/05/24T17:54:14,51.537420,-0.087483,2.76
010/05/24T17:54:24,51.537380,-0.087269,2.76
010/05/24T17:54:33,51.537345,-0.087049,2.76
010/05/24T17:54:47,51.537241,-0.086890,2.76
010/05/24T17:55:00,51.537214,-0.086671,2.76
010/05/24T17:55:16,51.537034,-0.086700,2.76
010/05/24T17:55:28,51.536898,-0.086712,2.76
010/05/24T17:55:39,51.536759,-0.086687,2.76
010/05/24T17:55:53,51.536563,-0.086662,2.76
010/05/24T17:56:03,51.536418,-0.086662,2.76
010/05/24T17:56:13,51.536279,-0.086661,2.76
010/05/24T17:56:23,51.536140,-0.086661,2.76
010/05/24T17:56:35,51.536005,-0.086620,2.76
010/05/24T17:56:54,51.536024,-0.086265,2.76
010/05/24T17:57:02,51.536100,-0.086056,2.76
010/05/24T17:57:03,51.536106,-0.086037,2.76
010/05/24T17:57:11,51.536145,-0.085828,2.76
010/05/24T17:57:25,51.536139,-0.085477,2.76
010/05/24T17:57:26,51.536139,-0.085477,2.76
010/05/24T17:58:05,51.536196,-0.084934,2.76
010/05/24T17:58:11,51.536205,-0.084889,2.76
010/05/24T17:58:25,51.536212,-0.084575,2.76
010/05/24T17:58:33,51.536154,-0.084321,2.76
010/05/24T17:58:40,51.536119,-0.084095,2.76
010/05/24T17:58:48,51.536055,-0.083881,2.76
010/05/24T17:58:56,51.535996,-0.083677,2.76
010/05/24T17:59:04,51.535915,-0.083493,2.76
010/05/24T17:59:05,51.535908,-0.083478,2.76
010/05/24T17:59:15,51.535818,-0.083305,2.76
010/05/24T17:59:28,51.535716,-0.083075,2.76
010/05/24T17:59:39,51.535650,-0.082875,2.76
010/05/24T17:59:41,51.535649,-0.082860,2.76
010/05/24T17:59:55,51.535565,-0.082626,2.76
010/05/24T18:00:19,51.535409,-0.082551,2.76
010/05/24T18:00:26,51.535268,-0.082518,2.76
010/05/24T18:00:34,51.535128,-0.082465,2.76
010/05/24T18:00:35,51.535121,-0.082459,2.76
010/05/25T19:09:21,51.524364,-0.099237,2.76
010/05/25T19:09:26,51.524364,-0.099237,2.76
010/05/25T19:09:31,51.524376,-0.099242,2.76
